6995450970_a031e901c8_c.jpg,https://live.staticflickr.com/7089/6995450970_a031e901c8_c.jpg
5570923745_2deb49111f_c.jpg,https://live.staticflickr.com/5013/5570923745_2deb49111f_c.jpg
1318238071_a0668ed161_c.jpg,https://live.staticflickr.com/1013/1318238071_a0668ed161_c.jpg
3457376055_9581b34015_c.jpg,https://live.staticflickr.com/3494/3457376055_9581b34015_c.jpg
5021919551_5262f2688a_c.jpg,https://live.staticflickr.com/4109/5021919551_5262f2688a_c.jpg
16039647049_958c99537e_c.jpg,https://live.staticflickr.com/7573/16039647049_958c99537e_c.jpg
6080580836_744171f5b4_c.jpg,https://live.staticflickr.com/6071/6080580836_744171f5b4_c.jpg
4999913480_69362a9288_c.jpg,https://live.staticflickr.com/4152/4999913480_69362a9288_c.jpg
26243037585_eaef2ee924_c.jpg,https://live.staticflickr.com/1720/26243037585_eaef2ee924_c.jpg
4560550310_98e24eb3b0_c.jpg,https://live.staticflickr.com/4053/4560550310_98e24eb3b0_c.jpg
5487044538_28f5f38d97_c.jpg,https://live.staticflickr.com/5213/5487044538_28f5f38d97_c.jpg
7966388530_f19cdd13cc_c.jpg,https://live.staticflickr.com/8295/7966388530_f19cdd13cc_c.jpg
3599128334_a032930f6f_c.jpg,https://live.staticflickr.com/3610/3599128334_a032930f6f_c.jpg
3235135065_e7101c4a33_c.jpg,https://live.staticflickr.com/3494/3235135065_e7101c4a33_c.jpg
3671443597_ba000c9499_c.jpg,https://live.staticflickr.com/3541/3671443597_ba000c9499_c.jpg
15574789_6b1a263d5b_c.jpg,https://live.staticflickr.com/9/15574789_6b1a263d5b_c.jpg
9230920923_7dc92f8c55_c.jpg,https://live.staticflickr.com/3817/9230920923_7dc92f8c55_c.jpg
4892479540_fbf4151576_c.jpg,https://live.staticflickr.com/4094/4892479540_fbf4151576_c.jpg
5202819581_564afce15a_c.jpg,https://live.staticflickr.com/5088/5202819581_564afce15a_c.jpg
5155049628_c44778b831_c.jpg,https://live.staticflickr.com/1232/5155049628_c44778b831_c.jpg
5154510495_51e60c8176_c.jpg,https://live.staticflickr.com/1234/5154510495_51e60c8176_c.jpg
6263849555_711023f19c_c.jpg,https://live.staticflickr.com/6215/6263849555_711023f19c_c.jpg
8042118345_28e555735b_c.jpg,https://live.staticflickr.com/8461/8042118345_28e555735b_c.jpg
5346855261_f4a1089f74_c.jpg,https://live.staticflickr.com/5289/5346855261_f4a1089f74_c.jpg
4831701010_3ef78c4c96_c.jpg,https://live.staticflickr.com/4145/4831701010_3ef78c4c96_c.jpg
6878333256_82515027e0_c.jpg,https://live.staticflickr.com/7060/6878333256_82515027e0_c.jpg
2732512410_7cf2e66490_c.jpg,https://live.staticflickr.com/3216/2732512410_7cf2e66490_c.jpg
1387937038_a1dfa9db0d_c.jpg,https://live.staticflickr.com/1222/1387937038_a1dfa9db0d_c.jpg
5466718060_4dd50baab1_c.jpg,https://live.staticflickr.com/5254/5466718060_4dd50baab1_c.jpg
8011364244_e1c9f31c63_c.jpg,https://live.staticflickr.com/8452/8011364244_e1c9f31c63_c.jpg
4314686622_433fa1b14a_c.jpg,https://live.staticflickr.com/4051/4314686622_433fa1b14a_c.jpg
1319124854_73df572328_c.jpg,https://live.staticflickr.com/1416/1319124854_73df572328_c.jpg
2169330677_9fe5728022_c.jpg,https://live.staticflickr.com/2363/2169330677_9fe5728022_c.jpg
29936648806_36c32c0840_c.jpg,https://live.staticflickr.com/8543/29936648806_36c32c0840_c.jpg
2230008556_ae51d30e81_c.jpg,https://live.staticflickr.com/2355/2230008556_ae51d30e81_c.jpg
5557375949_14f782ba7c_c.jpg,https://live.staticflickr.com/5256/5557375949_14f782ba7c_c.jpg
14446402422_82d4d04d5e_c.jpg,https://live.staticflickr.com/3851/14446402422_82d4d04d5e_c.jpg
1319126742_e8412c12ab_c.jpg,https://live.staticflickr.com/1367/1319126742_e8412c12ab_c.jpg
5572471476_bdefdec2bc_c.jpg,https://live.staticflickr.com/5227/5572471476_bdefdec2bc_c.jpg
6680883251_7e11a12799_c.jpg,https://live.staticflickr.com/7012/6680883251_7e11a12799_c.jpg
16685687798_56fdd12f0b_c.jpg,https://live.staticflickr.com/7650/16685687798_56fdd12f0b_c.jpg
32283998686_d01a797e28_c.jpg,https://live.staticflickr.com/489/32283998686_d01a797e28_c.jpg
24203568290_0a1a06d387_c.jpg,https://live.staticflickr.com/1563/24203568290_0a1a06d387_c.jpg
6077828369_bf5861437c_c.jpg,https://live.staticflickr.com/6202/6077828369_bf5861437c_c.jpg
5193970775_cb1dfbf4f9_c.jpg,https://live.staticflickr.com/4083/5193970775_cb1dfbf4f9_c.jpg
5513064844_371ef97b72_c.jpg,https://live.staticflickr.com/5256/5513064844_371ef97b72_c.jpg
2066491759_4429e9bffc_c.jpg,https://live.staticflickr.com/2354/2066491759_4429e9bffc_c.jpg
143589465_db18987e75_c.jpg,https://live.staticflickr.com/54/143589465_db18987e75_c.jpg
5347464108_aaea7af382_c.jpg,https://live.staticflickr.com/5208/5347464108_aaea7af382_c.jpg
939562609_771b37b2c9_c.jpg,https://live.staticflickr.com/1169/939562609_771b37b2c9_c.jpg
473386674_1f6ee32a72_c.jpg,https://live.staticflickr.com/222/473386674_1f6ee32a72_c.jpg
6690463837_0c35b8e63c_c.jpg,https://live.staticflickr.com/7153/6690463837_0c35b8e63c_c.jpg
3465809061_e4d02c01a3_c.jpg,https://live.staticflickr.com/3284/3465809061_e4d02c01a3_c.jpg
806949422_610130f152_c.jpg,https://live.staticflickr.com/1087/806949422_610130f152_c.jpg
5061311562_cde25eb4a6_c.jpg,https://live.staticflickr.com/4084/5061311562_cde25eb4a6_c.jpg
296406517_177a4e83db_c.jpg,https://live.staticflickr.com/105/296406517_177a4e83db_c.jpg
9699080742_f442f56d0d_c.jpg,https://live.staticflickr.com/7420/9699080742_f442f56d0d_c.jpg
4502761507_3330f7d709_c.jpg,https://live.staticflickr.com/4071/4502761507_3330f7d709_c.jpg
5578438169_16b94caaf9_c.jpg,https://live.staticflickr.com/5022/5578438169_16b94caaf9_c.jpg
4759144171_ee31a4b4a1_c.jpg,https://live.staticflickr.com/4136/4759144171_ee31a4b4a1_c.jpg
3164530968_691fa68f82_c.jpg,https://live.staticflickr.com/3255/3164530968_691fa68f82_c.jpg
14972675267_0e82ca6163_c.jpg,https://live.staticflickr.com/5568/14972675267_0e82ca6163_c.jpg
7056283433_1868695978_c.jpg,https://live.staticflickr.com/5454/7056283433_1868695978_c.jpg
216256134_8ae0e19c74_c.jpg,https://live.staticflickr.com/71/216256134_8ae0e19c74_c.jpg
1319124028_773b0a05c0_c.jpg,https://live.staticflickr.com/1370/1319124028_773b0a05c0_c.jpg
2185921218_6fdf9b0d7d_c.jpg,https://live.staticflickr.com/2222/2185921218_6fdf9b0d7d_c.jpg
3572918146_c74c74aa50_c.jpg,https://live.staticflickr.com/3377/3572918146_c74c74aa50_c.jpg
6972756732_339e94aae6_c.jpg,https://live.staticflickr.com/7228/6972756732_339e94aae6_c.jpg
2188210855_ddbd3cae0a_c.jpg,https://live.staticflickr.com/2341/2188210855_ddbd3cae0a_c.jpg
250418600_06eb9b7c4c_c.jpg,https://live.staticflickr.com/116/250418600_06eb9b7c4c_c.jpg
31903906560_c3ed36d3fd_c.jpg,https://live.staticflickr.com/396/31903906560_c3ed36d3fd_c.jpg
6517595437_8be4a6810c_c.jpg,https://live.staticflickr.com/7146/6517595437_8be4a6810c_c.jpg
13362475074_5b0764d6ed_c.jpg,https://live.staticflickr.com/2877/13362475074_5b0764d6ed_c.jpg
24140285796_368d2e66b4_c.jpg,https://live.staticflickr.com/1458/24140285796_368d2e66b4_c.jpg
2157404761_5193091ac7_c.jpg,https://live.staticflickr.com/2201/2157404761_5193091ac7_c.jpg
242341519_d653dafcd6_c.jpg,https://live.staticflickr.com/79/242341519_d653dafcd6_c.jpg
5397218183_287b2cc2b7_c.jpg,https://live.staticflickr.com/5139/5397218183_287b2cc2b7_c.jpg
7399722364_ced7c4a781_c.jpg,https://live.staticflickr.com/7215/7399722364_ced7c4a781_c.jpg
25232897364_6bb3ecf0dd_c.jpg,https://live.staticflickr.com/1559/25232897364_6bb3ecf0dd_c.jpg
6889868804_4c0e24f7bd_c.jpg,https://live.staticflickr.com/7051/6889868804_4c0e24f7bd_c.jpg
7035964251_2fc27bbfdc_c.jpg,https://live.staticflickr.com/7256/7035964251_2fc27bbfdc_c.jpg
7090894297_df9ba1ee6b_c.jpg,https://live.staticflickr.com/5460/7090894297_df9ba1ee6b_c.jpg
2661913240_e3a17ffa2f_c.jpg,https://live.staticflickr.com/3241/2661913240_e3a17ffa2f_c.jpg
6943331986_7d80eb7f4f_c.jpg,https://live.staticflickr.com/7095/6943331986_7d80eb7f4f_c.jpg
25479121480_9c2f42577a_c.jpg,https://live.staticflickr.com/1573/25479121480_9c2f42577a_c.jpg
8150262549_c49ed58588_c.jpg,https://live.staticflickr.com/8329/8150262549_c49ed58588_c.jpg
16564827920_52bab9466e_c.jpg,https://live.staticflickr.com/7590/16564827920_52bab9466e_c.jpg
413660538_f91036554c_c.jpg,https://live.staticflickr.com/166/413660538_f91036554c_c.jpg
8640642278_547e51959f_c.jpg,https://live.staticflickr.com/8117/8640642278_547e51959f_c.jpg
10020386116_5359550a5c_c.jpg,https://live.staticflickr.com/3751/10020386116_5359550a5c_c.jpg
2262269096_7494ac2c74_c.jpg,https://live.staticflickr.com/2116/2262269096_7494ac2c74_c.jpg
255337215_9a9cff3816_c.jpg,https://live.staticflickr.com/101/255337215_9a9cff3816_c.jpg
6258726304_2ffbc43af3_c.jpg,https://live.staticflickr.com/6175/6258726304_2ffbc43af3_c.jpg
7021949683_af6f5de23b_c.jpg,https://live.staticflickr.com/6213/7021949683_af6f5de23b_c.jpg
3119104801_36a67606de_c.jpg,https://live.staticflickr.com/3247/3119104801_36a67606de_c.jpg
2863584681_f5a07a8449_c.jpg,https://live.staticflickr.com/3029/2863584681_f5a07a8449_c.jpg
6609947719_3e589f5da1_c.jpg,https://live.staticflickr.com/7011/6609947719_3e589f5da1_c.jpg
6569963357_66f676b23a_c.jpg,https://live.staticflickr.com/7014/6569963357_66f676b23a_c.jpg
6690465131_13c22f7885_c.jpg,https://live.staticflickr.com/7171/6690465131_13c22f7885_c.jpg
12412343494_6d85159cb9_c.jpg,https://live.staticflickr.com/2839/12412343494_6d85159cb9_c.jpg
4743497541_9ae5d0f34e_c.jpg,https://live.staticflickr.com/4075/4743497541_9ae5d0f34e_c.jpg
5445906_b70649e8e7_c.jpg,https://live.staticflickr.com/3/5445906_b70649e8e7_c.jpg
9556503781_80c0ce0b24_c.jpg,https://live.staticflickr.com/2876/9556503781_80c0ce0b24_c.jpg
78436684_78ded840b5_c.jpg,https://live.staticflickr.com/40/78436684_78ded840b5_c.jpg
2385765638_a7834df9b4_c.jpg,https://live.staticflickr.com/2118/2385765638_a7834df9b4_c.jpg
252733802_3fda1a4a33_c.jpg,https://live.staticflickr.com/91/252733802_3fda1a4a33_c.jpg
3949231398_8e7a1e67ec_c.jpg,https://live.staticflickr.com/2613/3949231398_8e7a1e67ec_c.jpg
282361052_2cdd15f747_c.jpg,https://live.staticflickr.com/116/282361052_2cdd15f747_c.jpg
5608498617_6724c28c29_c.jpg,https://live.staticflickr.com/5187/5608498617_6724c28c29_c.jpg
7018355369_9d567a601d_c.jpg,https://live.staticflickr.com/7137/7018355369_9d567a601d_c.jpg
3017391079_e35bc326cb_c.jpg,https://live.staticflickr.com/3239/3017391079_e35bc326cb_c.jpg
13107079065_28e4d423aa_c.jpg,https://live.staticflickr.com/3796/13107079065_28e4d423aa_c.jpg
5140499254_d1c1494c26_c.jpg,https://live.staticflickr.com/1205/5140499254_d1c1494c26_c.jpg
3169867337_183fb44852_c.jpg,https://live.staticflickr.com/3130/3169867337_183fb44852_c.jpg
3170698686_c51d8bcb77_c.jpg,https://live.staticflickr.com/3101/3170698686_c51d8bcb77_c.jpg
6066791159_911058f199_c.jpg,https://live.staticflickr.com/6194/6066791159_911058f199_c.jpg
5698520370_0c070a35c7_c.jpg,https://live.staticflickr.com/5109/5698520370_0c070a35c7_c.jpg
5452181360_8f069a58d5_c.jpg,https://live.staticflickr.com/5095/5452181360_8f069a58d5_c.jpg
2904072201_9ce01b59ef_c.jpg,https://live.staticflickr.com/3153/2904072201_9ce01b59ef_c.jpg
799143699_f72080d96f_c.jpg,https://live.staticflickr.com/1107/799143699_f72080d96f_c.jpg
5263782059_1e5e8f6a4f_c.jpg,https://live.staticflickr.com/5250/5263782059_1e5e8f6a4f_c.jpg
22015711212_781883c04e_c.jpg,https://live.staticflickr.com/5776/22015711212_781883c04e_c.jpg
7657918534_f522997cff_c.jpg,https://live.staticflickr.com/7125/7657918534_f522997cff_c.jpg
2806553555_c885104650_c.jpg,https://live.staticflickr.com/3050/2806553555_c885104650_c.jpg
2700079415_8892700ab1_c.jpg,https://live.staticflickr.com/3281/2700079415_8892700ab1_c.jpg
16305014807_72c68ed447_c.jpg,https://live.staticflickr.com/8576/16305014807_72c68ed447_c.jpg
6683240903_d21d70c01e_c.jpg,https://live.staticflickr.com/7167/6683240903_d21d70c01e_c.jpg
2241575166_7f3af9244d_c.jpg,https://live.staticflickr.com/2267/2241575166_7f3af9244d_c.jpg
2699847772_b8e8908da5_c.jpg,https://live.staticflickr.com/3213/2699847772_b8e8908da5_c.jpg
9856952426_577e73b551_c.jpg,https://live.staticflickr.com/7289/9856952426_577e73b551_c.jpg
8587031849_2174018688_c.jpg,https://live.staticflickr.com/8525/8587031849_2174018688_c.jpg
5399738753_fe657d7f26_c.jpg,https://live.staticflickr.com/5091/5399738753_fe657d7f26_c.jpg
29241581304_030071786c_c.jpg,https://live.staticflickr.com/8152/29241581304_030071786c_c.jpg
5557373307_ff2fc89454_c.jpg,https://live.staticflickr.com/5310/5557373307_ff2fc89454_c.jpg
28549373451_f3c50fd3cb_c.jpg,https://live.staticflickr.com/8731/28549373451_f3c50fd3cb_c.jpg
8220044246_2bcbc5995b_c.jpg,https://live.staticflickr.com/8486/8220044246_2bcbc5995b_c.jpg
8054656244_3861ecb0a2_c.jpg,https://live.staticflickr.com/8316/8054656244_3861ecb0a2_c.jpg
17278759521_cbe5533188_c.jpg,https://live.staticflickr.com/8711/17278759521_cbe5533188_c.jpg
4312381484_f1ddbd806f_c.jpg,https://live.staticflickr.com/2706/4312381484_f1ddbd806f_c.jpg
12517669324_6e9763e8aa_c.jpg,https://live.staticflickr.com/7450/12517669324_6e9763e8aa_c.jpg
397149245_55a1630c8e_c.jpg,https://live.staticflickr.com/129/397149245_55a1630c8e_c.jpg
3442576395_c2f5415e73_c.jpg,https://live.staticflickr.com/3301/3442576395_c2f5415e73_c.jpg
7018359739_9ea0189f2c_c.jpg,https://live.staticflickr.com/7041/7018359739_9ea0189f2c_c.jpg
5293299050_24681a123d_c.jpg,https://live.staticflickr.com/5047/5293299050_24681a123d_c.jpg
4312381468_9185c7e2cf_c.jpg,https://live.staticflickr.com/4042/4312381468_9185c7e2cf_c.jpg
6069409702_681c4e74f3_c.jpg,https://live.staticflickr.com/6074/6069409702_681c4e74f3_c.jpg
6026232766_2b4ff052dd_c.jpg,https://live.staticflickr.com/6123/6026232766_2b4ff052dd_c.jpg
5240065911_405cec7ebb_c.jpg,https://live.staticflickr.com/5045/5240065911_405cec7ebb_c.jpg
4820808534_960267b7a9_c.jpg,https://live.staticflickr.com/4100/4820808534_960267b7a9_c.jpg
6878290629_b95e953eb9_c.jpg,https://live.staticflickr.com/7058/6878290629_b95e953eb9_c.jpg
15911692801_5e6d5b0466_c.jpg,https://live.staticflickr.com/7493/15911692801_5e6d5b0466_c.jpg
5610085006_f3f8579b84_c.jpg,https://live.staticflickr.com/5104/5610085006_f3f8579b84_c.jpg
16304668819_6a529542b7_c.jpg,https://live.staticflickr.com/7349/16304668819_6a529542b7_c.jpg
5311268589_bd94833acb_c.jpg,https://live.staticflickr.com/5048/5311268589_bd94833acb_c.jpg
5931537178_a48113bf08_c.jpg,https://live.staticflickr.com/6146/5931537178_a48113bf08_c.jpg
6323926544_ceb5a5ea25_c.jpg,https://live.staticflickr.com/6046/6323926544_ceb5a5ea25_c.jpg
5486521604_a40d720664_c.jpg,https://live.staticflickr.com/5136/5486521604_a40d720664_c.jpg
2345877978_3fd19a470c_c.jpg,https://live.staticflickr.com/3121/2345877978_3fd19a470c_c.jpg
6928922498_6d94b4c88a_c.jpg,https://live.staticflickr.com/5117/6928922498_6d94b4c88a_c.jpg
8864379807_fe55e63aa3_c.jpg,https://live.staticflickr.com/5461/8864379807_fe55e63aa3_c.jpg
7975236135_4516369620_c.jpg,https://live.staticflickr.com/8181/7975236135_4516369620_c.jpg
2047970005_e5fb19ba0b_c.jpg,https://live.staticflickr.com/2237/2047970005_e5fb19ba0b_c.jpg
6231254410_e4b145c55b_c.jpg,https://live.staticflickr.com/6231/6231254410_e4b145c55b_c.jpg
4587884127_224b492b71_c.jpg,https://live.staticflickr.com/4043/4587884127_224b492b71_c.jpg
5185303931_d3143568dd_c.jpg,https://live.staticflickr.com/1043/5185303931_d3143568dd_c.jpg
6498712273_1799c5875a_c.jpg,https://live.staticflickr.com/7173/6498712273_1799c5875a_c.jpg
5940212343_89c7252eaf_c.jpg,https://live.staticflickr.com/6127/5940212343_89c7252eaf_c.jpg
7298872692_31c8c1aea1_c.jpg,https://live.staticflickr.com/7229/7298872692_31c8c1aea1_c.jpg
3145734994_93423e4e2c_c.jpg,https://live.staticflickr.com/3085/3145734994_93423e4e2c_c.jpg
4960206133_bc31223865_c.jpg,https://live.staticflickr.com/4123/4960206133_bc31223865_c.jpg
3788440132_9506992e8b_c.jpg,https://live.staticflickr.com/2463/3788440132_9506992e8b_c.jpg
4565657541_bcc2328043_c.jpg,https://live.staticflickr.com/3313/4565657541_bcc2328043_c.jpg
13796775283_c0eb648582_c.jpg,https://live.staticflickr.com/3813/13796775283_c0eb648582_c.jpg
3552644778_d9f427c8d0_c.jpg,https://live.staticflickr.com/3645/3552644778_d9f427c8d0_c.jpg
5950890769_ed173706ba_c.jpg,https://live.staticflickr.com/6007/5950890769_ed173706ba_c.jpg
26349143191_1dc17d2035_c.jpg,https://live.staticflickr.com/1708/26349143191_1dc17d2035_c.jpg
8332279963_465e9be823_c.jpg,https://live.staticflickr.com/8353/8332279963_465e9be823_c.jpg
7813016186_dd9f09562a_c.jpg,https://live.staticflickr.com/8299/7813016186_dd9f09562a_c.jpg
4812299092_eb571bb077_c.jpg,https://live.staticflickr.com/4142/4812299092_eb571bb077_c.jpg
24366662812_fe828428df_c.jpg,https://live.staticflickr.com/1446/24366662812_fe828428df_c.jpg
3746456122_5f943ed098_c.jpg,https://live.staticflickr.com/2676/3746456122_5f943ed098_c.jpg
4307086451_3b4d3d329f_c.jpg,https://live.staticflickr.com/4058/4307086451_3b4d3d329f_c.jpg
4721331789_ed590559be_c.jpg,https://live.staticflickr.com/1125/4721331789_ed590559be_c.jpg
1856048412_1fdd91a369_c.jpg,https://live.staticflickr.com/2056/1856048412_1fdd91a369_c.jpg
3169867913_453fa1e6b9_c.jpg,https://live.staticflickr.com/3078/3169867913_453fa1e6b9_c.jpg
2260643716_de59b35804_c.jpg,https://live.staticflickr.com/2265/2260643716_de59b35804_c.jpg
6345323381_47524a1fbc_c.jpg,https://live.staticflickr.com/6231/6345323381_47524a1fbc_c.jpg
5293298132_41f895a579_c.jpg,https://live.staticflickr.com/5207/5293298132_41f895a579_c.jpg
1653316325_f40cd42df9_c.jpg,https://live.staticflickr.com/2088/1653316325_f40cd42df9_c.jpg
10031052706_7f7f0ba118_c.jpg,https://live.staticflickr.com/7395/10031052706_7f7f0ba118_c.jpg
3557028284_6f0dd1f795_c.jpg,https://live.staticflickr.com/3596/3557028284_6f0dd1f795_c.jpg
13251721784_74dd1dacd6_c.jpg,https://live.staticflickr.com/3736/13251721784_74dd1dacd6_c.jpg
11337898164_aaaa345be2_c.jpg,https://live.staticflickr.com/2845/11337898164_aaaa345be2_c.jpg
4543682138_23e4e2d5fb_c.jpg,https://live.staticflickr.com/4031/4543682138_23e4e2d5fb_c.jpg
3366854266_33206d9712_c.jpg,https://live.staticflickr.com/3460/3366854266_33206d9712_c.jpg
4688753847_068e5c465b_c.jpg,https://live.staticflickr.com/4033/4688753847_068e5c465b_c.jpg
8216866178_22bd4ebf9e_c.jpg,https://live.staticflickr.com/8057/8216866178_22bd4ebf9e_c.jpg
5557377407_a6f7f4bf4a_c.jpg,https://live.staticflickr.com/5178/5557377407_a6f7f4bf4a_c.jpg
2858470959_372edb4574_c.jpg,https://live.staticflickr.com/3218/2858470959_372edb4574_c.jpg
3169865425_e666c571b9_c.jpg,https://live.staticflickr.com/3107/3169865425_e666c571b9_c.jpg
7445854754_6bc143e158_c.jpg,https://live.staticflickr.com/7259/7445854754_6bc143e158_c.jpg
2201463712_7165f5b6ed_c.jpg,https://live.staticflickr.com/2411/2201463712_7165f5b6ed_c.jpg
2181213528_506f0942a2_c.jpg,https://live.staticflickr.com/2350/2181213528_506f0942a2_c.jpg
1964413811_d271f8a5af_c.jpg,https://live.staticflickr.com/2323/1964413811_d271f8a5af_c.jpg
9024393259_ccb429cd42_c.jpg,https://live.staticflickr.com/5325/9024393259_ccb429cd42_c.jpg
12233816316_7bba29e66e_c.jpg,https://live.staticflickr.com/7411/12233816316_7bba29e66e_c.jpg
6793908310_e50d34bb7f_c.jpg,https://live.staticflickr.com/7042/6793908310_e50d34bb7f_c.jpg
5765741770_c11bf646e4_c.jpg,https://live.staticflickr.com/5223/5765741770_c11bf646e4_c.jpg
6365124361_66dfb6a189_c.jpg,https://live.staticflickr.com/6216/6365124361_66dfb6a189_c.jpg
194829262_2812205acc_c.jpg,https://live.staticflickr.com/64/194829262_2812205acc_c.jpg
3169868583_f6708daf70_c.jpg,https://live.staticflickr.com/3128/3169868583_f6708daf70_c.jpg
12203542655_301cd3971c_c.jpg,https://live.staticflickr.com/3770/12203542655_301cd3971c_c.jpg
15862471848_edc5988668_c.jpg,https://live.staticflickr.com/8567/15862471848_edc5988668_c.jpg
13419059473_6d18f8ea20_c.jpg,https://live.staticflickr.com/3709/13419059473_6d18f8ea20_c.jpg
349378270_ff716e8c57_c.jpg,https://live.staticflickr.com/163/349378270_ff716e8c57_c.jpg
16893301297_ca1d3e5605_c.jpg,https://live.staticflickr.com/8789/16893301297_ca1d3e5605_c.jpg
3242431791_13716b3692_c.jpg,https://live.staticflickr.com/3302/3242431791_13716b3692_c.jpg
3736855338_cf39f50615_c.jpg,https://live.staticflickr.com/3505/3736855338_cf39f50615_c.jpg
15692120421_9fe0c25ddd_c.jpg,https://live.staticflickr.com/7470/15692120421_9fe0c25ddd_c.jpg
4572547474_780aebf2b2_c.jpg,https://live.staticflickr.com/4052/4572547474_780aebf2b2_c.jpg
6085042883_a9767b6963_c.jpg,https://live.staticflickr.com/6195/6085042883_a9767b6963_c.jpg
3441722928_c22c896aee_c.jpg,https://live.staticflickr.com/3565/3441722928_c22c896aee_c.jpg
818300957_e0b06d12bc_c.jpg,https://live.staticflickr.com/1430/818300957_e0b06d12bc_c.jpg
1846842904_76a817d22d_c.jpg,https://live.staticflickr.com/2375/1846842904_76a817d22d_c.jpg
2143880584_7a74ab1830_c.jpg,https://live.staticflickr.com/2288/2143880584_7a74ab1830_c.jpg
4299701409_f0c26631b4_c.jpg,https://live.staticflickr.com/4037/4299701409_f0c26631b4_c.jpg
529254947_b59b5ec2b5_c.jpg,https://live.staticflickr.com/1173/529254947_b59b5ec2b5_c.jpg
8046542299_225d7690d0_c.jpg,https://live.staticflickr.com/8029/8046542299_225d7690d0_c.jpg
3891437057_a74160b78e_c.jpg,https://live.staticflickr.com/3471/3891437057_a74160b78e_c.jpg
2518019785_4ded4c9da2_c.jpg,https://live.staticflickr.com/2230/2518019785_4ded4c9da2_c.jpg
7499639286_9511494fac_c.jpg,https://live.staticflickr.com/7251/7499639286_9511494fac_c.jpg
5793209912_6f1b5a9d07_c.jpg,https://live.staticflickr.com/5264/5793209912_6f1b5a9d07_c.jpg
2455107529_30e63bd116_c.jpg,https://live.staticflickr.com/2043/2455107529_30e63bd116_c.jpg
6337053278_7378926023_c.jpg,https://live.staticflickr.com/6044/6337053278_7378926023_c.jpg
23354345074_9bba2b0b9e_c.jpg,https://live.staticflickr.com/5707/23354345074_9bba2b0b9e_c.jpg
6690466601_76ed4c6989_c.jpg,https://live.staticflickr.com/7162/6690466601_76ed4c6989_c.jpg
4164008182_154fd9a25a_c.jpg,https://live.staticflickr.com/2707/4164008182_154fd9a25a_c.jpg
6673701297_e0824a10ed_c.jpg,https://live.staticflickr.com/7153/6673701297_e0824a10ed_c.jpg
3871665025_ae1f7c6a34_c.jpg,https://live.staticflickr.com/3644/3871665025_ae1f7c6a34_c.jpg
8617113282_0bbba61439_c.jpg,https://live.staticflickr.com/8538/8617113282_0bbba61439_c.jpg
5103910861_90ab475873_c.jpg,https://live.staticflickr.com/1108/5103910861_90ab475873_c.jpg
4972343779_7b1726079d_c.jpg,https://live.staticflickr.com/4084/4972343779_7b1726079d_c.jpg
26887484200_5db2740fff_c.jpg,https://live.staticflickr.com/7063/26887484200_5db2740fff_c.jpg
1331861491_1cc0e155e4_c.jpg,https://live.staticflickr.com/1410/1331861491_1cc0e155e4_c.jpg
5685997943_95cbb06572_c.jpg,https://live.staticflickr.com/5284/5685997943_95cbb06572_c.jpg
5557958268_c0e1170d15_c.jpg,https://live.staticflickr.com/5058/5557958268_c0e1170d15_c.jpg
13994034245_68ba35ab82_c.jpg,https://live.staticflickr.com/2933/13994034245_68ba35ab82_c.jpg
32306010032_d261ccc5f2_c.jpg,https://live.staticflickr.com/393/32306010032_d261ccc5f2_c.jpg
5557821510_723c2349f9_c.jpg,https://live.staticflickr.com/5229/5557821510_723c2349f9_c.jpg
92333313_f64ed7e0d1_c.jpg,https://live.staticflickr.com/38/92333313_f64ed7e0d1_c.jpg
3670696961_10fafe90fb_c.jpg,https://live.staticflickr.com/2440/3670696961_10fafe90fb_c.jpg
15624553955_300a56d862_c.jpg,https://live.staticflickr.com/5609/15624553955_300a56d862_c.jpg
9647518354_4544a1d6a0_c.jpg,https://live.staticflickr.com/5459/9647518354_4544a1d6a0_c.jpg
5866743091_13d81956cc_c.jpg,https://live.staticflickr.com/5035/5866743091_13d81956cc_c.jpg
4395890432_32a79d209d_c.jpg,https://live.staticflickr.com/2680/4395890432_32a79d209d_c.jpg
1324528281_6af1507c19_c.jpg,https://live.staticflickr.com/1393/1324528281_6af1507c19_c.jpg
3284573987_5530421376_c.jpg,https://live.staticflickr.com/3570/3284573987_5530421376_c.jpg
14549364747_d8a36f767b_c.jpg,https://live.staticflickr.com/3864/14549364747_d8a36f767b_c.jpg
2804890540_e0085fcb8a_c.jpg,https://live.staticflickr.com/3155/2804890540_e0085fcb8a_c.jpg
2284954787_617d4966a4_c.jpg,https://live.staticflickr.com/3022/2284954787_617d4966a4_c.jpg
24679510424_a999d68fe6_c.jpg,https://live.staticflickr.com/1716/24679510424_a999d68fe6_c.jpg
6334631645_b75d2f463b_c.jpg,https://live.staticflickr.com/6039/6334631645_b75d2f463b_c.jpg
2200995749_8eb4c884b4_c.jpg,https://live.staticflickr.com/2287/2200995749_8eb4c884b4_c.jpg
2609701995_0f58efe72d_c.jpg,https://live.staticflickr.com/3127/2609701995_0f58efe72d_c.jpg
5231304071_7ee9e833f8_c.jpg,https://live.staticflickr.com/5009/5231304071_7ee9e833f8_c.jpg
16573027369_673b96cf0b_c.jpg,https://live.staticflickr.com/8728/16573027369_673b96cf0b_c.jpg
4595044368_94ffc71095_c.jpg,https://live.staticflickr.com/1192/4595044368_94ffc71095_c.jpg
3477182618_a32ebae702_c.jpg,https://live.staticflickr.com/3309/3477182618_a32ebae702_c.jpg
18295407644_7ba914c2ce_c.jpg,https://live.staticflickr.com/502/18295407644_7ba914c2ce_c.jpg
8845672399_4f3ffd427e_c.jpg,https://live.staticflickr.com/7310/8845672399_4f3ffd427e_c.jpg
13539233523_8cb0749563_c.jpg,https://live.staticflickr.com/3769/13539233523_8cb0749563_c.jpg
546799483_67f0d2a8fa_c.jpg,https://live.staticflickr.com/1172/546799483_67f0d2a8fa_c.jpg
23282742446_63fd39ee60_c.jpg,https://live.staticflickr.com/750/23282742446_63fd39ee60_c.jpg
5433731239_6eea585b20_c.jpg,https://live.staticflickr.com/4146/5433731239_6eea585b20_c.jpg
252685562_8548295508_c.jpg,https://live.staticflickr.com/99/252685562_8548295508_c.jpg
336670864_c0a59edd03_c.jpg,https://live.staticflickr.com/144/336670864_c0a59edd03_c.jpg
6893594609_c86eaf0497_c.jpg,https://live.staticflickr.com/7180/6893594609_c86eaf0497_c.jpg
2522022689_8b5a6f90f0_c.jpg,https://live.staticflickr.com/3192/2522022689_8b5a6f90f0_c.jpg
89829076_9022d32ac9_c.jpg,https://live.staticflickr.com/41/89829076_9022d32ac9_c.jpg
5107291888_d380e82866_c.jpg,https://live.staticflickr.com/1211/5107291888_d380e82866_c.jpg
4587292097_2b8d316175_c.jpg,https://live.staticflickr.com/4009/4587292097_2b8d316175_c.jpg
23057271575_f630a46236_c.jpg,https://live.staticflickr.com/645/23057271575_f630a46236_c.jpg
5417474194_9df72f7411_c.jpg,https://live.staticflickr.com/5057/5417474194_9df72f7411_c.jpg
2837016089_583f685f04_c.jpg,https://live.staticflickr.com/3261/2837016089_583f685f04_c.jpg
325151048_95ceee20d6_c.jpg,https://live.staticflickr.com/138/325151048_95ceee20d6_c.jpg
287808482_d7ab9006f0_c.jpg,https://live.staticflickr.com/112/287808482_d7ab9006f0_c.jpg
3922097703_97c1d91a9f_c.jpg,https://live.staticflickr.com/2461/3922097703_97c1d91a9f_c.jpg
6959548200_cf7e139732_c.jpg,https://live.staticflickr.com/8141/6959548200_cf7e139732_c.jpg
13675944303_156fa30d49_c.jpg,https://live.staticflickr.com/5136/13675944303_156fa30d49_c.jpg
5274469075_648d723b9b_c.jpg,https://live.staticflickr.com/5087/5274469075_648d723b9b_c.jpg
8419392558_d5f02d2d47_c.jpg,https://live.staticflickr.com/8090/8419392558_d5f02d2d47_c.jpg
6239133602_1fca9848ea_c.jpg,https://live.staticflickr.com/6096/6239133602_1fca9848ea_c.jpg
16615555029_2deee03432_c.jpg,https://live.staticflickr.com/7287/16615555029_2deee03432_c.jpg
6369735907_835b48139e_c.jpg,https://live.staticflickr.com/6048/6369735907_835b48139e_c.jpg
4721335749_6c355af250_c.jpg,https://live.staticflickr.com/1123/4721335749_6c355af250_c.jpg
14447987562_46b98bdffd_c.jpg,https://live.staticflickr.com/3878/14447987562_46b98bdffd_c.jpg
4442596532_8bc993d154_c.jpg,https://live.staticflickr.com/2790/4442596532_8bc993d154_c.jpg
3350930248_9754a87026_c.jpg,https://live.staticflickr.com/3438/3350930248_9754a87026_c.jpg
24286108330_f5fdbc5f88_c.jpg,https://live.staticflickr.com/1660/24286108330_f5fdbc5f88_c.jpg
4710939037_b62c81f3e8_c.jpg,https://live.staticflickr.com/4028/4710939037_b62c81f3e8_c.jpg
6564698101_aba57e43df_c.jpg,https://live.staticflickr.com/7175/6564698101_aba57e43df_c.jpg
5915571125_d15c091d25_c.jpg,https://live.staticflickr.com/6022/5915571125_d15c091d25_c.jpg
8291044758_518b1f397f_c.jpg,https://live.staticflickr.com/8364/8291044758_518b1f397f_c.jpg
15788220474_6c6e573807_c.jpg,https://live.staticflickr.com/7316/15788220474_6c6e573807_c.jpg
5557967318_999fcbde95_c.jpg,https://live.staticflickr.com/5063/5557967318_999fcbde95_c.jpg
8421098468_05d6f273be_c.jpg,https://live.staticflickr.com/8091/8421098468_05d6f273be_c.jpg
16203305093_04b5c1a7b1_c.jpg,https://live.staticflickr.com/7598/16203305093_04b5c1a7b1_c.jpg
8200703571_af421ab6c2_c.jpg,https://live.staticflickr.com/8062/8200703571_af421ab6c2_c.jpg
13832005153_7ae673ff50_c.jpg,https://live.staticflickr.com/7415/13832005153_7ae673ff50_c.jpg
30995614156_7d89550ac5_c.jpg,https://live.staticflickr.com/5327/30995614156_7d89550ac5_c.jpg
3222048275_e72e72b662_c.jpg,https://live.staticflickr.com/3369/3222048275_e72e72b662_c.jpg
11522373015_55a0559fe1_c.jpg,https://live.staticflickr.com/2869/11522373015_55a0559fe1_c.jpg
5669836407_70b386e381_c.jpg,https://live.staticflickr.com/5182/5669836407_70b386e381_c.jpg
15101254502_e3b7f9b7f8_c.jpg,https://live.staticflickr.com/5596/15101254502_e3b7f9b7f8_c.jpg
31153164_73f41563ee_c.jpg,https://live.staticflickr.com/21/31153164_73f41563ee_c.jpg
3237291148_508f5a716a_c.jpg,https://live.staticflickr.com/3297/3237291148_508f5a716a_c.jpg
5397767318_06d15b3ae8_c.jpg,https://live.staticflickr.com/5013/5397767318_06d15b3ae8_c.jpg
7092542407_f533020483_c.jpg,https://live.staticflickr.com/7254/7092542407_f533020483_c.jpg
25673502641_16e2552c39_c.jpg,https://live.staticflickr.com/1452/25673502641_16e2552c39_c.jpg
6175153243_f58996f23b_c.jpg,https://live.staticflickr.com/6178/6175153243_f58996f23b_c.jpg
8508360257_1a3c8c3274_c.jpg,https://live.staticflickr.com/8252/8508360257_1a3c8c3274_c.jpg
565889387_25f026310e_c.jpg,https://live.staticflickr.com/1115/565889387_25f026310e_c.jpg
6711118147_982c829816_c.jpg,https://live.staticflickr.com/7018/6711118147_982c829816_c.jpg
4739562484_84b66a3cb4_c.jpg,https://live.staticflickr.com/4120/4739562484_84b66a3cb4_c.jpg
117059426_e7f564c62c_c.jpg,https://live.staticflickr.com/49/117059426_e7f564c62c_c.jpg
4182997340_03a2d80acc_c.jpg,https://live.staticflickr.com/2644/4182997340_03a2d80acc_c.jpg
15555444111_bb7eeea122_c.jpg,https://live.staticflickr.com/5610/15555444111_bb7eeea122_c.jpg
14477202043_e50ea242b7_c.jpg,https://live.staticflickr.com/5474/14477202043_e50ea242b7_c.jpg
4780673757_70040463b9_c.jpg,https://live.staticflickr.com/4121/4780673757_70040463b9_c.jpg
4176320945_4b51704ceb_c.jpg,https://live.staticflickr.com/2608/4176320945_4b51704ceb_c.jpg
5576290335_7fdc4b980f_c.jpg,https://live.staticflickr.com/5178/5576290335_7fdc4b980f_c.jpg
5562882145_cf86896f52_c.jpg,https://live.staticflickr.com/5054/5562882145_cf86896f52_c.jpg
7300749758_86e61e8ed9_c.jpg,https://live.staticflickr.com/7073/7300749758_86e61e8ed9_c.jpg
24410352554_e6de856018_c.jpg,https://live.staticflickr.com/1544/24410352554_e6de856018_c.jpg
7937399952_c34d51b0e8_c.jpg,https://live.staticflickr.com/8453/7937399952_c34d51b0e8_c.jpg
3192922653_be520fbb0b_c.jpg,https://live.staticflickr.com/3466/3192922653_be520fbb0b_c.jpg
8559219884_92166edfe2_c.jpg,https://live.staticflickr.com/8382/8559219884_92166edfe2_c.jpg
23758678544_7f0e7d97c5_c.jpg,https://live.staticflickr.com/1531/23758678544_7f0e7d97c5_c.jpg
2384801335_cb7623b471_c.jpg,https://live.staticflickr.com/2388/2384801335_cb7623b471_c.jpg
15096465393_d3c856f014_c.jpg,https://live.staticflickr.com/7524/15096465393_d3c856f014_c.jpg
3170695506_01cf5f37a0_c.jpg,https://live.staticflickr.com/3099/3170695506_01cf5f37a0_c.jpg
3243260168_37c06cb8c3_c.jpg,https://live.staticflickr.com/3427/3243260168_37c06cb8c3_c.jpg
6396901195_2c2c88ce8b_c.jpg,https://live.staticflickr.com/7149/6396901195_2c2c88ce8b_c.jpg
6080411888_f8d69f6bc5_c.jpg,https://live.staticflickr.com/6063/6080411888_f8d69f6bc5_c.jpg
8332451282_267799561b_c.jpg,https://live.staticflickr.com/8079/8332451282_267799561b_c.jpg
19249218_16bf669ad6_c.jpg,https://live.staticflickr.com/17/19249218_16bf669ad6_c.jpg
5408285022_4e1e1a12ca_c.jpg,https://live.staticflickr.com/5051/5408285022_4e1e1a12ca_c.jpg
3842275248_f0529dbc7b_c.jpg,https://live.staticflickr.com/3433/3842275248_f0529dbc7b_c.jpg
2454162502_9ae225a44b_c.jpg,https://live.staticflickr.com/2293/2454162502_9ae225a44b_c.jpg
7366989364_6f8aef9a2c_c.jpg,https://live.staticflickr.com/7076/7366989364_6f8aef9a2c_c.jpg
525364477_be2e7fee56_c.jpg,https://live.staticflickr.com/226/525364477_be2e7fee56_c.jpg
6337052556_76fd57e755_c.jpg,https://live.staticflickr.com/6225/6337052556_76fd57e755_c.jpg
13802503235_dee3a5c517_c.jpg,https://live.staticflickr.com/2872/13802503235_dee3a5c517_c.jpg
9897344604_82d270da68_c.jpg,https://live.staticflickr.com/3798/9897344604_82d270da68_c.jpg
2683059460_3b6bd6ef08_c.jpg,https://live.staticflickr.com/3288/2683059460_3b6bd6ef08_c.jpg
6381964757_f25785e8b6_c.jpg,https://live.staticflickr.com/6113/6381964757_f25785e8b6_c.jpg
2075763083_b694b5fdfd_c.jpg,https://live.staticflickr.com/2373/2075763083_b694b5fdfd_c.jpg
8409981358_2fdc54f97d_c.jpg,https://live.staticflickr.com/8236/8409981358_2fdc54f97d_c.jpg
3000522701_d4a638ebb5_c.jpg,https://live.staticflickr.com/3212/3000522701_d4a638ebb5_c.jpg
6139883496_b015c76590_c.jpg,https://live.staticflickr.com/6186/6139883496_b015c76590_c.jpg
5957108393_343d5d32f3_c.jpg,https://live.staticflickr.com/6012/5957108393_343d5d32f3_c.jpg
2898855364_8898095e20_c.jpg,https://live.staticflickr.com/3062/2898855364_8898095e20_c.jpg
2041341411_90358f0806_c.jpg,https://live.staticflickr.com/2118/2041341411_90358f0806_c.jpg
4622128121_a9cbd8f000_c.jpg,https://live.staticflickr.com/4027/4622128121_a9cbd8f000_c.jpg
371824942_f7a5bd3fb4_c.jpg,https://live.staticflickr.com/147/371824942_f7a5bd3fb4_c.jpg
2926225117_c441172e37_c.jpg,https://live.staticflickr.com/3079/2926225117_c441172e37_c.jpg
3548291857_87dec518c1_c.jpg,https://live.staticflickr.com/3541/3548291857_87dec518c1_c.jpg
2801312489_2ec93de794_c.jpg,https://live.staticflickr.com/3096/2801312489_2ec93de794_c.jpg
8303676697_a6bce20298_c.jpg,https://live.staticflickr.com/8496/8303676697_a6bce20298_c.jpg
28801020060_6a18dcba50_c.jpg,https://live.staticflickr.com/8564/28801020060_6a18dcba50_c.jpg
5891520922_ca9c746e2a_c.jpg,https://live.staticflickr.com/5035/5891520922_ca9c746e2a_c.jpg
117567057_3f83169373_c.jpg,https://live.staticflickr.com/39/117567057_3f83169373_c.jpg
3167149503_afab2f2ea2_c.jpg,https://live.staticflickr.com/3098/3167149503_afab2f2ea2_c.jpg
2837851120_cbd7d45906_c.jpg,https://live.staticflickr.com/3273/2837851120_cbd7d45906_c.jpg
6889129657_21799e0904_c.jpg,https://live.staticflickr.com/7037/6889129657_21799e0904_c.jpg
5023380232_6681c22a3f_c.jpg,https://live.staticflickr.com/4152/5023380232_6681c22a3f_c.jpg
5248219597_7714be9d96_c.jpg,https://live.staticflickr.com/5043/5248219597_7714be9d96_c.jpg
894917828_0f767e8882_c.jpg,https://live.staticflickr.com/1074/894917828_0f767e8882_c.jpg
525881921_c8bb19132d_c.jpg,https://live.staticflickr.com/212/525881921_c8bb19132d_c.jpg
4562560863_4464af7707_c.jpg,https://live.staticflickr.com/3547/4562560863_4464af7707_c.jpg
2657249244_a9113529d4_c.jpg,https://live.staticflickr.com/3031/2657249244_a9113529d4_c.jpg
5869564945_0c32454578_c.jpg,https://live.staticflickr.com/5023/5869564945_0c32454578_c.jpg
5395733177_3f25cdd767_c.jpg,https://live.staticflickr.com/5178/5395733177_3f25cdd767_c.jpg
304355780_b594ae42f9_c.jpg,https://live.staticflickr.com/108/304355780_b594ae42f9_c.jpg
6498221869_0b62be29e6_c.jpg,https://live.staticflickr.com/7144/6498221869_0b62be29e6_c.jpg
174724175_92def7826d_c.jpg,https://live.staticflickr.com/77/174724175_92def7826d_c.jpg
1653294035_22e9caf358_c.jpg,https://live.staticflickr.com/2083/1653294035_22e9caf358_c.jpg
39931436201_75f13c2b85_c.jpg,https://live.staticflickr.com/4764/39931436201_75f13c2b85_c.jpg
24559484942_ea12aee0d0_c.jpg,https://live.staticflickr.com/1537/24559484942_ea12aee0d0_c.jpg
4365054092_1fe96537c1_c.jpg,https://live.staticflickr.com/2701/4365054092_1fe96537c1_c.jpg
6690481461_a42592022f_c.jpg,https://live.staticflickr.com/7159/6690481461_a42592022f_c.jpg
5336629597_2278114db0_c.jpg,https://live.staticflickr.com/5085/5336629597_2278114db0_c.jpg
3083765605_e6ec61c52c_c.jpg,https://live.staticflickr.com/3005/3083765605_e6ec61c52c_c.jpg
1469171348_2b55d3c76a_c.jpg,https://live.staticflickr.com/1249/1469171348_2b55d3c76a_c.jpg
6786227641_bf444020b4_c.jpg,https://live.staticflickr.com/7163/6786227641_bf444020b4_c.jpg
14136864878_14a7d8f630_c.jpg,https://live.staticflickr.com/2897/14136864878_14a7d8f630_c.jpg
4387548410_f477bc0021_c.jpg,https://live.staticflickr.com/4014/4387548410_f477bc0021_c.jpg
39651688232_9c2c526f01_c.jpg,https://live.staticflickr.com/4715/39651688232_9c2c526f01_c.jpg
23022640779_10a7086114_c.jpg,https://live.staticflickr.com/5779/23022640779_10a7086114_c.jpg
3945172931_aa98c46292_c.jpg,https://live.staticflickr.com/2630/3945172931_aa98c46292_c.jpg
15849288905_875b0b2fe4_c.jpg,https://live.staticflickr.com/7473/15849288905_875b0b2fe4_c.jpg
3119104171_08a2941a22_c.jpg,https://live.staticflickr.com/3260/3119104171_08a2941a22_c.jpg
21603148096_632478ff78_c.jpg,https://live.staticflickr.com/614/21603148096_632478ff78_c.jpg
3213010580_57c97491b3_c.jpg,https://live.staticflickr.com/3317/3213010580_57c97491b3_c.jpg
5710039687_f0f158a1f8_c.jpg,https://live.staticflickr.com/2301/5710039687_f0f158a1f8_c.jpg
1947521031_10a468a7f2_c.jpg,https://live.staticflickr.com/2056/1947521031_10a468a7f2_c.jpg
11981674933_f5f7cd6a67_c.jpg,https://live.staticflickr.com/7436/11981674933_f5f7cd6a67_c.jpg
5632047459_3de778f8e5_c.jpg,https://live.staticflickr.com/5021/5632047459_3de778f8e5_c.jpg
5534134349_1c0ae31542_c.jpg,https://live.staticflickr.com/5297/5534134349_1c0ae31542_c.jpg
3987081785_c6dcba6d4a_c.jpg,https://live.staticflickr.com/2621/3987081785_c6dcba6d4a_c.jpg
4633250610_0d503fc4c0_c.jpg,https://live.staticflickr.com/4072/4633250610_0d503fc4c0_c.jpg
5736182406_287bcc6383_c.jpg,https://live.staticflickr.com/2244/5736182406_287bcc6383_c.jpg
4690319062_fa5ebde621_c.jpg,https://live.staticflickr.com/4026/4690319062_fa5ebde621_c.jpg
14614340143_11f9de8691_c.jpg,https://live.staticflickr.com/3922/14614340143_11f9de8691_c.jpg
5231084408_bc3897a14b_c.jpg,https://live.staticflickr.com/5250/5231084408_bc3897a14b_c.jpg
2087327019_b3b90731c3_c.jpg,https://live.staticflickr.com/2104/2087327019_b3b90731c3_c.jpg
4229038806_4264971dbc_c.jpg,https://live.staticflickr.com/4066/4229038806_4264971dbc_c.jpg
5199119116_720f096957_c.jpg,https://live.staticflickr.com/4113/5199119116_720f096957_c.jpg
243136301_cd07336570_c.jpg,https://live.staticflickr.com/87/243136301_cd07336570_c.jpg
9634387111_efbf96dc95_c.jpg,https://live.staticflickr.com/3672/9634387111_efbf96dc95_c.jpg
5380290859_6bbd321c43_c.jpg,https://live.staticflickr.com/5165/5380290859_6bbd321c43_c.jpg
243797659_f3370e01f7_c.jpg,https://live.staticflickr.com/93/243797659_f3370e01f7_c.jpg
5457935975_67bfef73e6_c.jpg,https://live.staticflickr.com/5140/5457935975_67bfef73e6_c.jpg
4430444014_f5c3eb4500_c.jpg,https://live.staticflickr.com/2683/4430444014_f5c3eb4500_c.jpg
2807402146_4755b07e3c_c.jpg,https://live.staticflickr.com/3248/2807402146_4755b07e3c_c.jpg
2344223739_d295a99808_c.jpg,https://live.staticflickr.com/2318/2344223739_d295a99808_c.jpg
6063548142_5e0cc28407_c.jpg,https://live.staticflickr.com/6068/6063548142_5e0cc28407_c.jpg
6862636885_881d90329f_c.jpg,https://live.staticflickr.com/7057/6862636885_881d90329f_c.jpg
10084031844_545b686fce_c.jpg,https://live.staticflickr.com/2821/10084031844_545b686fce_c.jpg
3907256530_8176b0763a_c.jpg,https://live.staticflickr.com/2564/3907256530_8176b0763a_c.jpg
2438073153_ee26021439_c.jpg,https://live.staticflickr.com/2052/2438073153_ee26021439_c.jpg
8539591578_ca56ce427c_c.jpg,https://live.staticflickr.com/8367/8539591578_ca56ce427c_c.jpg
1653298849_f7ebca1451_c.jpg,https://live.staticflickr.com/2348/1653298849_f7ebca1451_c.jpg
7837021626_88044aa180_c.jpg,https://live.staticflickr.com/7134/7837021626_88044aa180_c.jpg
63966279_efd10ccac5_c.jpg,https://live.staticflickr.com/32/63966279_efd10ccac5_c.jpg
4734084803_827d9a2f98_c.jpg,https://live.staticflickr.com/1212/4734084803_827d9a2f98_c.jpg
4868965030_92f8c7c9a7_c.jpg,https://live.staticflickr.com/4099/4868965030_92f8c7c9a7_c.jpg
15420778083_2d46fed452_c.jpg,https://live.staticflickr.com/7541/15420778083_2d46fed452_c.jpg
7251904674_80e635e64e_c.jpg,https://live.staticflickr.com/7104/7251904674_80e635e64e_c.jpg
5438324819_7918317a1e_c.jpg,https://live.staticflickr.com/5135/5438324819_7918317a1e_c.jpg
1318239761_755ab23d67_c.jpg,https://live.staticflickr.com/1058/1318239761_755ab23d67_c.jpg
16306187057_738da89c95_c.jpg,https://live.staticflickr.com/7409/16306187057_738da89c95_c.jpg
3508202617_6e6a266653_c.jpg,https://live.staticflickr.com/3563/3508202617_6e6a266653_c.jpg
1486148953_a67a53a73f_c.jpg,https://live.staticflickr.com/1087/1486148953_a67a53a73f_c.jpg
16674081252_2b4d32af68_c.jpg,https://live.staticflickr.com/8567/16674081252_2b4d32af68_c.jpg
1253957277_5865097bc6_c.jpg,https://live.staticflickr.com/1350/1253957277_5865097bc6_c.jpg
3141325415_92690ed008_c.jpg,https://live.staticflickr.com/3246/3141325415_92690ed008_c.jpg
379484149_1686b8964e_c.jpg,https://live.staticflickr.com/130/379484149_1686b8964e_c.jpg
5662344121_649eb819b4_c.jpg,https://live.staticflickr.com/5268/5662344121_649eb819b4_c.jpg
7955103576_1d8b0929b1_c.jpg,https://live.staticflickr.com/8181/7955103576_1d8b0929b1_c.jpg
468199203_4ccb2fe1ba_c.jpg,https://live.staticflickr.com/206/468199203_4ccb2fe1ba_c.jpg
9617623630_168a4f8f4e_c.jpg,https://live.staticflickr.com/5545/9617623630_168a4f8f4e_c.jpg
10351429073_ca4d03a346_c.jpg,https://live.staticflickr.com/5516/10351429073_ca4d03a346_c.jpg
2364321933_d1a28a7d90_c.jpg,https://live.staticflickr.com/3119/2364321933_d1a28a7d90_c.jpg
7267548164_dc02aa005e_c.jpg,https://live.staticflickr.com/7239/7267548164_dc02aa005e_c.jpg
6870561447_cf7ded0eb2_c.jpg,https://live.staticflickr.com/7195/6870561447_cf7ded0eb2_c.jpg
2438073251_0594dc03f5_c.jpg,https://live.staticflickr.com/2350/2438073251_0594dc03f5_c.jpg
15234954727_b09965acd6_c.jpg,https://live.staticflickr.com/3927/15234954727_b09965acd6_c.jpg
7417277874_3b5361af87_c.jpg,https://live.staticflickr.com/7255/7417277874_3b5361af87_c.jpg
2408884414_36b2ddd90f_c.jpg,https://live.staticflickr.com/2269/2408884414_36b2ddd90f_c.jpg
3277441781_42f4bbde36_c.jpg,https://live.staticflickr.com/3455/3277441781_42f4bbde36_c.jpg
14649204309_733897d3db_c.jpg,https://live.staticflickr.com/5588/14649204309_733897d3db_c.jpg
5856781187_513a4a33d3_c.jpg,https://live.staticflickr.com/5195/5856781187_513a4a33d3_c.jpg
4972353221_f65d9ded09_c.jpg,https://live.staticflickr.com/4104/4972353221_f65d9ded09_c.jpg
9203185795_2e5bd0a415_c.jpg,https://live.staticflickr.com/2810/9203185795_2e5bd0a415_c.jpg
26026794072_1cc4c83722_c.jpg,https://live.staticflickr.com/1657/26026794072_1cc4c83722_c.jpg
32127086256_c446c641f8_c.jpg,https://live.staticflickr.com/646/32127086256_c446c641f8_c.jpg
5422944356_7ede00bf6f_c.jpg,https://live.staticflickr.com/5132/5422944356_7ede00bf6f_c.jpg
22178316394_ecee2886e1_c.jpg,https://live.staticflickr.com/5757/22178316394_ecee2886e1_c.jpg
607307113_10ecfcbad9_c.jpg,https://live.staticflickr.com/1173/607307113_10ecfcbad9_c.jpg
1947521083_1416f9e9c3_c.jpg,https://live.staticflickr.com/2186/1947521083_1416f9e9c3_c.jpg
6767140101_b0842be7ab_c.jpg,https://live.staticflickr.com/7011/6767140101_b0842be7ab_c.jpg
15567052560_d62efb1da9_c.jpg,https://live.staticflickr.com/7568/15567052560_d62efb1da9_c.jpg
23036062470_bd25b94de7_c.jpg,https://live.staticflickr.com/664/23036062470_bd25b94de7_c.jpg
2284049431_0a94c66ba3_c.jpg,https://live.staticflickr.com/2182/2284049431_0a94c66ba3_c.jpg
6515755989_8281ebc94d_c.jpg,https://live.staticflickr.com/7011/6515755989_8281ebc94d_c.jpg
5347466296_1a1ecef67c_c.jpg,https://live.staticflickr.com/5243/5347466296_1a1ecef67c_c.jpg
4832285746_6bb6e04f8b_c.jpg,https://live.staticflickr.com/4104/4832285746_6bb6e04f8b_c.jpg
9101981218_be7988e468_c.jpg,https://live.staticflickr.com/7409/9101981218_be7988e468_c.jpg
8874615919_966e751037_c.jpg,https://live.staticflickr.com/5333/8874615919_966e751037_c.jpg
46174338115_9fe7b7095d_c.jpg,https://live.staticflickr.com/7826/46174338115_9fe7b7095d_c.jpg
4684513723_3a75842916_c.jpg,https://live.staticflickr.com/4060/4684513723_3a75842916_c.jpg
3297633580_350869fa72_c.jpg,https://live.staticflickr.com/3419/3297633580_350869fa72_c.jpg
7203716318_a2492a5874_c.jpg,https://live.staticflickr.com/5035/7203716318_a2492a5874_c.jpg
5333126680_b4daf7b0c5_c.jpg,https://live.staticflickr.com/5206/5333126680_b4daf7b0c5_c.jpg
5090660438_fa79b3d223_c.jpg,https://live.staticflickr.com/4147/5090660438_fa79b3d223_c.jpg
5900871730_3c0cbfff29_c.jpg,https://live.staticflickr.com/5072/5900871730_3c0cbfff29_c.jpg
15556346493_2d5032e0f8_c.jpg,https://live.staticflickr.com/7581/15556346493_2d5032e0f8_c.jpg
444485071_b23cd39636_c.jpg,https://live.staticflickr.com/171/444485071_b23cd39636_c.jpg
6219425907_c2a8484305_c.jpg,https://live.staticflickr.com/6178/6219425907_c2a8484305_c.jpg
8123761031_96fdae78a2_c.jpg,https://live.staticflickr.com/8328/8123761031_96fdae78a2_c.jpg
8172763141_3b404c3dfe_c.jpg,https://live.staticflickr.com/8210/8172763141_3b404c3dfe_c.jpg
6582011039_41b0079f89_c.jpg,https://live.staticflickr.com/7013/6582011039_41b0079f89_c.jpg
12205763936_55e31dbc26_c.jpg,https://live.staticflickr.com/3823/12205763936_55e31dbc26_c.jpg
1413211222_9000bef1aa_c.jpg,https://live.staticflickr.com/1221/1413211222_9000bef1aa_c.jpg
3024142965_5d606a9b0f_c.jpg,https://live.staticflickr.com/3193/3024142965_5d606a9b0f_c.jpg
5791785596_ef86c69c61_c.jpg,https://live.staticflickr.com/3264/5791785596_ef86c69c61_c.jpg
3228403365_5aeecff20a_c.jpg,https://live.staticflickr.com/3523/3228403365_5aeecff20a_c.jpg
27475672804_57028b8603_c.jpg,https://live.staticflickr.com/7352/27475672804_57028b8603_c.jpg
453504617_6745437c9c_c.jpg,https://live.staticflickr.com/198/453504617_6745437c9c_c.jpg
5735135802_3375a47b5c_c.jpg,https://live.staticflickr.com/5306/5735135802_3375a47b5c_c.jpg
7798068798_ae7afa8f8c_c.jpg,https://live.staticflickr.com/8446/7798068798_ae7afa8f8c_c.jpg
6415806355_aa7fec88d6_c.jpg,https://live.staticflickr.com/6049/6415806355_aa7fec88d6_c.jpg
5585307590_e30838673f_c.jpg,https://live.staticflickr.com/5097/5585307590_e30838673f_c.jpg
16305316618_518c42b264_c.jpg,https://live.staticflickr.com/8627/16305316618_518c42b264_c.jpg
2729893715_abf0368ef6_c.jpg,https://live.staticflickr.com/3001/2729893715_abf0368ef6_c.jpg
8316877257_41ca32e1a4_c.jpg,https://live.staticflickr.com/8493/8316877257_41ca32e1a4_c.jpg
7716024550_7c1055b3b0_c.jpg,https://live.staticflickr.com/8290/7716024550_7c1055b3b0_c.jpg
3195752605_6a1d2008ce_c.jpg,https://live.staticflickr.com/3433/3195752605_6a1d2008ce_c.jpg
15582634394_2ab4cc8452_c.jpg,https://live.staticflickr.com/7494/15582634394_2ab4cc8452_c.jpg
7837017658_79fd1787a4_c.jpg,https://live.staticflickr.com/7139/7837017658_79fd1787a4_c.jpg
5342122268_819dcab36b_c.jpg,https://live.staticflickr.com/5203/5342122268_819dcab36b_c.jpg
6945058833_0e71316122_c.jpg,https://live.staticflickr.com/7063/6945058833_0e71316122_c.jpg
184838096_825416579e_c.jpg,https://live.staticflickr.com/54/184838096_825416579e_c.jpg
6785228441_d5e8844cb5_c.jpg,https://live.staticflickr.com/7147/6785228441_d5e8844cb5_c.jpg
32375948135_21fc5f7f3c_c.jpg,https://live.staticflickr.com/487/32375948135_21fc5f7f3c_c.jpg
31168746_7e9b8b017a_c.jpg,https://live.staticflickr.com/21/31168746_7e9b8b017a_c.jpg
459899664_6a9586d88b_c.jpg,https://live.staticflickr.com/204/459899664_6a9586d88b_c.jpg
2417462320_e180f355c6_c.jpg,https://live.staticflickr.com/3193/2417462320_e180f355c6_c.jpg
3193328190_d8b18735aa_c.jpg,https://live.staticflickr.com/3300/3193328190_d8b18735aa_c.jpg
3633744669_ffecdbca97_c.jpg,https://live.staticflickr.com/2447/3633744669_ffecdbca97_c.jpg
2766144725_5ae5747a23_c.jpg,https://live.staticflickr.com/3074/2766144725_5ae5747a23_c.jpg
18151266349_26680be317_c.jpg,https://live.staticflickr.com/8886/18151266349_26680be317_c.jpg
1885638615_197300204e_c.jpg,https://live.staticflickr.com/2419/1885638615_197300204e_c.jpg
8986651558_3db4ba7ca1_c.jpg,https://live.staticflickr.com/7418/8986651558_3db4ba7ca1_c.jpg
4270449116_acfd6e2d58_c.jpg,https://live.staticflickr.com/4023/4270449116_acfd6e2d58_c.jpg
6488377641_3b4e78502a_c.jpg,https://live.staticflickr.com/7143/6488377641_3b4e78502a_c.jpg
4537840911_65acf53da8_c.jpg,https://live.staticflickr.com/2718/4537840911_65acf53da8_c.jpg
4176698234_7f825a7185_c.jpg,https://live.staticflickr.com/2606/4176698234_7f825a7185_c.jpg
6268115618_cdf42651e8_c.jpg,https://live.staticflickr.com/6049/6268115618_cdf42651e8_c.jpg
2975977883_6b88feacd3_c.jpg,https://live.staticflickr.com/3283/2975977883_6b88feacd3_c.jpg
30784818973_27db319f78_c.jpg,https://live.staticflickr.com/336/30784818973_27db319f78_c.jpg
775075115_991fc33845_c.jpg,https://live.staticflickr.com/1385/775075115_991fc33845_c.jpg
5772953551_759266b680_c.jpg,https://live.staticflickr.com/3440/5772953551_759266b680_c.jpg
5872930306_c176d26ae3_c.jpg,https://live.staticflickr.com/3151/5872930306_c176d26ae3_c.jpg
8407207791_69883e52f2_c.jpg,https://live.staticflickr.com/8185/8407207791_69883e52f2_c.jpg
148956453_c45e27d47f_c.jpg,https://live.staticflickr.com/45/148956453_c45e27d47f_c.jpg
6434813685_09c93518c7_c.jpg,https://live.staticflickr.com/7004/6434813685_09c93518c7_c.jpg
30634257213_0a783cd5e8_c.jpg,https://live.staticflickr.com/5556/30634257213_0a783cd5e8_c.jpg
6864766474_c6cb21cf5f_c.jpg,https://live.staticflickr.com/7108/6864766474_c6cb21cf5f_c.jpg
8449117596_1a5283bb86_c.jpg,https://live.staticflickr.com/8225/8449117596_1a5283bb86_c.jpg
16371669475_2eee7787d4_c.jpg,https://live.staticflickr.com/8636/16371669475_2eee7787d4_c.jpg
2221447139_48d2817b25_c.jpg,https://live.staticflickr.com/2240/2221447139_48d2817b25_c.jpg
9123008295_43711a9051_c.jpg,https://live.staticflickr.com/7304/9123008295_43711a9051_c.jpg
5203349652_4ed1fe8790_c.jpg,https://live.staticflickr.com/4111/5203349652_4ed1fe8790_c.jpg
4224358766_cf6c029376_c.jpg,https://live.staticflickr.com/2589/4224358766_cf6c029376_c.jpg
3779893444_2a15ce6759_c.jpg,https://live.staticflickr.com/2651/3779893444_2a15ce6759_c.jpg
387827171_fce23df9f8_c.jpg,https://live.staticflickr.com/149/387827171_fce23df9f8_c.jpg
13869559414_da56dc16ba_c.jpg,https://live.staticflickr.com/7392/13869559414_da56dc16ba_c.jpg
431177161_31117e45dd_c.jpg,https://live.staticflickr.com/149/431177161_31117e45dd_c.jpg
6132573114_a0d46a1c78_c.jpg,https://live.staticflickr.com/6198/6132573114_a0d46a1c78_c.jpg
5398404611_c400ab446b_c.jpg,https://live.staticflickr.com/5015/5398404611_c400ab446b_c.jpg
6883192655_0e4ce579fe_c.jpg,https://live.staticflickr.com/7194/6883192655_0e4ce579fe_c.jpg
4231733946_f467eb6493_c.jpg,https://live.staticflickr.com/4001/4231733946_f467eb6493_c.jpg
15772149452_9dd21e02c5_c.jpg,https://live.staticflickr.com/5602/15772149452_9dd21e02c5_c.jpg
32138598650_7e864acc2e_c.jpg,https://live.staticflickr.com/680/32138598650_7e864acc2e_c.jpg
529254285_fb3fb4cb87_c.jpg,https://live.staticflickr.com/1054/529254285_fb3fb4cb87_c.jpg
8500792256_686653c28e_c.jpg,https://live.staticflickr.com/8524/8500792256_686653c28e_c.jpg
4646196098_96cf966724_c.jpg,https://live.staticflickr.com/4048/4646196098_96cf966724_c.jpg
8502536555_d38b66b166_c.jpg,https://live.staticflickr.com/8510/8502536555_d38b66b166_c.jpg
4473320313_31c7a66b74_c.jpg,https://live.staticflickr.com/2693/4473320313_31c7a66b74_c.jpg
8463795603_b57b8e23ba_c.jpg,https://live.staticflickr.com/8097/8463795603_b57b8e23ba_c.jpg
8289009422_728793f78b_c.jpg,https://live.staticflickr.com/8354/8289009422_728793f78b_c.jpg
11692658575_098272720b_c.jpg,https://live.staticflickr.com/2875/11692658575_098272720b_c.jpg
9543460864_7570d1bb20_c.jpg,https://live.staticflickr.com/5502/9543460864_7570d1bb20_c.jpg
6109170944_5e83411d78_c.jpg,https://live.staticflickr.com/6202/6109170944_5e83411d78_c.jpg
16164390956_60a61ab9cc_c.jpg,https://live.staticflickr.com/7551/16164390956_60a61ab9cc_c.jpg
5338558761_fbb5a4fbe8_c.jpg,https://live.staticflickr.com/5243/5338558761_fbb5a4fbe8_c.jpg
14185807575_6b74d4cbc4_c.jpg,https://live.staticflickr.com/7358/14185807575_6b74d4cbc4_c.jpg
4474096210_113625019d_c.jpg,https://live.staticflickr.com/4015/4474096210_113625019d_c.jpg
6416083075_b818671dc8_c.jpg,https://live.staticflickr.com/7035/6416083075_b818671dc8_c.jpg
5547691720_94eb5ccf4c_c.jpg,https://live.staticflickr.com/5018/5547691720_94eb5ccf4c_c.jpg
6705319711_61e1c81713_c.jpg,https://live.staticflickr.com/7030/6705319711_61e1c81713_c.jpg
2622846965_31c474d773_c.jpg,https://live.staticflickr.com/3187/2622846965_31c474d773_c.jpg
370688489_06439e2c24_c.jpg,https://live.staticflickr.com/134/370688489_06439e2c24_c.jpg
24386869855_74ed78c76c_c.jpg,https://live.staticflickr.com/1651/24386869855_74ed78c76c_c.jpg
2558588423_026c5a3ca2_c.jpg,https://live.staticflickr.com/3006/2558588423_026c5a3ca2_c.jpg
6219127411_e4184d1678_c.jpg,https://live.staticflickr.com/6212/6219127411_e4184d1678_c.jpg
5930987956_4e703f1d55_c.jpg,https://live.staticflickr.com/6029/5930987956_4e703f1d55_c.jpg
6794176798_f2b7d9479c_c.jpg,https://live.staticflickr.com/7069/6794176798_f2b7d9479c_c.jpg
204152850_1e440daf17_c.jpg,https://live.staticflickr.com/71/204152850_1e440daf17_c.jpg
16430432964_57a4f63db5_c.jpg,https://live.staticflickr.com/7603/16430432964_57a4f63db5_c.jpg
5662344111_c56d8efb68_c.jpg,https://live.staticflickr.com/5029/5662344111_c56d8efb68_c.jpg
7417277818_24db95a92e_c.jpg,https://live.staticflickr.com/8161/7417277818_24db95a92e_c.jpg
2345815161_a7e10615ed_c.jpg,https://live.staticflickr.com/2053/2345815161_a7e10615ed_c.jpg
2559435097_e91433451f_c.jpg,https://live.staticflickr.com/3075/2559435097_e91433451f_c.jpg
12838919243_df78edffe9_c.jpg,https://live.staticflickr.com/7405/12838919243_df78edffe9_c.jpg
98005265_9f6168b198_c.jpg,https://live.staticflickr.com/24/98005265_9f6168b198_c.jpg
3217785370_3bc5581c53_c.jpg,https://live.staticflickr.com/3078/3217785370_3bc5581c53_c.jpg
4165482011_0e2a730cec_c.jpg,https://live.staticflickr.com/2710/4165482011_0e2a730cec_c.jpg
8190671769_f986066d79_c.jpg,https://live.staticflickr.com/8342/8190671769_f986066d79_c.jpg
8913107025_83421c36ee_c.jpg,https://live.staticflickr.com/5452/8913107025_83421c36ee_c.jpg
2936924632_e52948878e_c.jpg,https://live.staticflickr.com/3240/2936924632_e52948878e_c.jpg
9221417681_2a8e34f6ba_c.jpg,https://live.staticflickr.com/7345/9221417681_2a8e34f6ba_c.jpg
8027859445_86dbc2328e_c.jpg,https://live.staticflickr.com/8039/8027859445_86dbc2328e_c.jpg
5409373252_88cb2dddb5_c.jpg,https://live.staticflickr.com/5256/5409373252_88cb2dddb5_c.jpg
4733131910_1312e00371_c.jpg,https://live.staticflickr.com/1166/4733131910_1312e00371_c.jpg
8443952261_845acae11c_c.jpg,https://live.staticflickr.com/8044/8443952261_845acae11c_c.jpg
5445160667_b250c65253_c.jpg,https://live.staticflickr.com/4073/5445160667_b250c65253_c.jpg
15659206290_49f3468024_c.jpg,https://live.staticflickr.com/7512/15659206290_49f3468024_c.jpg
336676222_41e47844a4_c.jpg,https://live.staticflickr.com/143/336676222_41e47844a4_c.jpg
5711550409_9723a9a1e2_c.jpg,https://live.staticflickr.com/2093/5711550409_9723a9a1e2_c.jpg
21601857611_a1e7fb3657_c.jpg,https://live.staticflickr.com/5794/21601857611_a1e7fb3657_c.jpg
1589927920_901130b6da_c.jpg,https://live.staticflickr.com/2169/1589927920_901130b6da_c.jpg
5578125527_270f304a48_c.jpg,https://live.staticflickr.com/5227/5578125527_270f304a48_c.jpg
11426605763_f0b01d14c0_c.jpg,https://live.staticflickr.com/3704/11426605763_f0b01d14c0_c.jpg
5482078277_db08bd1df9_c.jpg,https://live.staticflickr.com/5174/5482078277_db08bd1df9_c.jpg
5701777360_10fcc71ba4_c.jpg,https://live.staticflickr.com/5226/5701777360_10fcc71ba4_c.jpg
15265200694_fb32c9dc77_c.jpg,https://live.staticflickr.com/7480/15265200694_fb32c9dc77_c.jpg
10572217096_655165a275_c.jpg,https://live.staticflickr.com/7351/10572217096_655165a275_c.jpg
4891051696_be5564a802_c.jpg,https://live.staticflickr.com/4138/4891051696_be5564a802_c.jpg
6335387762_6af2a11808_c.jpg,https://live.staticflickr.com/6095/6335387762_6af2a11808_c.jpg
7862094278_ac93df7706_c.jpg,https://live.staticflickr.com/8427/7862094278_ac93df7706_c.jpg
27758309553_d2e2fa3e71_c.jpg,https://live.staticflickr.com/8263/27758309553_d2e2fa3e71_c.jpg
5388962871_ec50c62a67_c.jpg,https://live.staticflickr.com/5296/5388962871_ec50c62a67_c.jpg
3665822265_34fea0b612_c.jpg,https://live.staticflickr.com/3391/3665822265_34fea0b612_c.jpg
298205083_45b8243d66_c.jpg,https://live.staticflickr.com/102/298205083_45b8243d66_c.jpg
14007693946_6ffbc59329_c.jpg,https://live.staticflickr.com/7103/14007693946_6ffbc59329_c.jpg
4547667741_35e7589e33_c.jpg,https://live.staticflickr.com/4050/4547667741_35e7589e33_c.jpg
6419968269_3d2dbe12a2_c.jpg,https://live.staticflickr.com/7016/6419968269_3d2dbe12a2_c.jpg
21202133609_ed95dcd9d7_c.jpg,https://live.staticflickr.com/738/21202133609_ed95dcd9d7_c.jpg
4135885055_020e34fabb_c.jpg,https://live.staticflickr.com/2797/4135885055_020e34fabb_c.jpg
7465781144_cf99fc01de_c.jpg,https://live.staticflickr.com/8141/7465781144_cf99fc01de_c.jpg
16665350562_cb07620ab2_c.jpg,https://live.staticflickr.com/8581/16665350562_cb07620ab2_c.jpg
11793944405_4fec9f4830_c.jpg,https://live.staticflickr.com/3719/11793944405_4fec9f4830_c.jpg
3200980035_d53a18b90f_c.jpg,https://live.staticflickr.com/3381/3200980035_d53a18b90f_c.jpg
23842682860_240c824d27_c.jpg,https://live.staticflickr.com/1686/23842682860_240c824d27_c.jpg
5557837730_550ab0f229_c.jpg,https://live.staticflickr.com/5142/5557837730_550ab0f229_c.jpg
98005266_4f4fca89bb_c.jpg,https://live.staticflickr.com/30/98005266_4f4fca89bb_c.jpg
501320708_7aef394188_c.jpg,https://live.staticflickr.com/204/501320708_7aef394188_c.jpg
3953831027_5a411abca8_c.jpg,https://live.staticflickr.com/2537/3953831027_5a411abca8_c.jpg
24876558556_e47db66dda_c.jpg,https://live.staticflickr.com/1501/24876558556_e47db66dda_c.jpg
5859780536_3994804a63_c.jpg,https://live.staticflickr.com/5079/5859780536_3994804a63_c.jpg
5388582245_994c0a2699_c.jpg,https://live.staticflickr.com/5092/5388582245_994c0a2699_c.jpg
14114027827_c3bf7c89a1_c.jpg,https://live.staticflickr.com/2937/14114027827_c3bf7c89a1_c.jpg
224214224_4c0565547f_c.jpg,https://live.staticflickr.com/94/224214224_4c0565547f_c.jpg
4021864840_fe910e8e96_c.jpg,https://live.staticflickr.com/2632/4021864840_fe910e8e96_c.jpg
2777995784_a0e44ff63d_c.jpg,https://live.staticflickr.com/3293/2777995784_a0e44ff63d_c.jpg
7417277946_9241b1443a_c.jpg,https://live.staticflickr.com/7259/7417277946_9241b1443a_c.jpg
13824470_1054a48e2d_c.jpg,https://live.staticflickr.com/14/13824470_1054a48e2d_c.jpg
1577626647_cc608310ff_c.jpg,https://live.staticflickr.com/2051/1577626647_cc608310ff_c.jpg
8253148486_5617675a4b_c.jpg,https://live.staticflickr.com/8062/8253148486_5617675a4b_c.jpg
8317043918_8ca037d325_c.jpg,https://live.staticflickr.com/8497/8317043918_8ca037d325_c.jpg
4806904293_d4eea82b02_c.jpg,https://live.staticflickr.com/4100/4806904293_d4eea82b02_c.jpg
426359981_c93a6a3094_c.jpg,https://live.staticflickr.com/175/426359981_c93a6a3094_c.jpg
3819477165_8f65c90432_c.jpg,https://live.staticflickr.com/2530/3819477165_8f65c90432_c.jpg
8655332279_7f7823c5ca_c.jpg,https://live.staticflickr.com/8115/8655332279_7f7823c5ca_c.jpg
6120833607_0d193a1c57_c.jpg,https://live.staticflickr.com/6064/6120833607_0d193a1c57_c.jpg
2233817436_3f20abe7df_c.jpg,https://live.staticflickr.com/2099/2233817436_3f20abe7df_c.jpg
25079731790_65cf884784_c.jpg,https://live.staticflickr.com/1590/25079731790_65cf884784_c.jpg
8926784140_a4746200ec_c.jpg,https://live.staticflickr.com/8254/8926784140_a4746200ec_c.jpg
7461601224_b1052f3ef5_c.jpg,https://live.staticflickr.com/7266/7461601224_b1052f3ef5_c.jpg
6848891132_92cee0e1c8_c.jpg,https://live.staticflickr.com/7183/6848891132_92cee0e1c8_c.jpg
2356437450_3b13eea4b8_c.jpg,https://live.staticflickr.com/3272/2356437450_3b13eea4b8_c.jpg
13229846273_be22d5687f_c.jpg,https://live.staticflickr.com/3688/13229846273_be22d5687f_c.jpg
3130408140_9bbffda52b_c.jpg,https://live.staticflickr.com/3215/3130408140_9bbffda52b_c.jpg
5259130496_089a58e546_c.jpg,https://live.staticflickr.com/5090/5259130496_089a58e546_c.jpg
2327165730_27d8c64d7f_c.jpg,https://live.staticflickr.com/2300/2327165730_27d8c64d7f_c.jpg
4553695996_7bfdd38a8e_c.jpg,https://live.staticflickr.com/4028/4553695996_7bfdd38a8e_c.jpg
2499111_5085cdec1c_c.jpg,https://live.staticflickr.com/2/2499111_5085cdec1c_c.jpg
2739378380_1fd96c3ae2_c.jpg,https://live.staticflickr.com/3215/2739378380_1fd96c3ae2_c.jpg
1185876238_f8a20e6367_c.jpg,https://live.staticflickr.com/1008/1185876238_f8a20e6367_c.jpg
21729319138_95568ce3c0_c.jpg,https://live.staticflickr.com/577/21729319138_95568ce3c0_c.jpg
9689446864_1abd6dfb72_c.jpg,https://live.staticflickr.com/2853/9689446864_1abd6dfb72_c.jpg
7122961761_1ff519bed3_c.jpg,https://live.staticflickr.com/7100/7122961761_1ff519bed3_c.jpg
3297009406_0678e5f218_c.jpg,https://live.staticflickr.com/3355/3297009406_0678e5f218_c.jpg
6866836005_21c539e55d_c.jpg,https://live.staticflickr.com/7180/6866836005_21c539e55d_c.jpg
3666733113_35275931dd_c.jpg,https://live.staticflickr.com/3574/3666733113_35275931dd_c.jpg
263425781_067be46d02_c.jpg,https://live.staticflickr.com/85/263425781_067be46d02_c.jpg
4885074729_d7b2d422c6_c.jpg,https://live.staticflickr.com/4120/4885074729_d7b2d422c6_c.jpg
45885638824_0e2ea27cdd_c.jpg,https://live.staticflickr.com/4915/45885638824_0e2ea27cdd_c.jpg
2381069396_a3c9dfc5b0_c.jpg,https://live.staticflickr.com/2261/2381069396_a3c9dfc5b0_c.jpg
7856887134_ecd5e99ae6_c.jpg,https://live.staticflickr.com/8434/7856887134_ecd5e99ae6_c.jpg
14182929925_30218cbcb2_c.jpg,https://live.staticflickr.com/7362/14182929925_30218cbcb2_c.jpg
3538419385_42f3689ce6_c.jpg,https://live.staticflickr.com/2194/3538419385_42f3689ce6_c.jpg
3026554955_c4cc8fc61c_c.jpg,https://live.staticflickr.com/3293/3026554955_c4cc8fc61c_c.jpg
4484466137_4defb7399e_c.jpg,https://live.staticflickr.com/2766/4484466137_4defb7399e_c.jpg
8232886413_11782ffa28_c.jpg,https://live.staticflickr.com/8067/8232886413_11782ffa28_c.jpg
8435364239_c8e2a1a7a8_c.jpg,https://live.staticflickr.com/8511/8435364239_c8e2a1a7a8_c.jpg
21782684276_3a0e41196a_c.jpg,https://live.staticflickr.com/698/21782684276_3a0e41196a_c.jpg
24019076469_7a05589040_c.jpg,https://live.staticflickr.com/1587/24019076469_7a05589040_c.jpg
5688612224_667d396cd2_c.jpg,https://live.staticflickr.com/5187/5688612224_667d396cd2_c.jpg
3655969455_60b28ecc16_c.jpg,https://live.staticflickr.com/3346/3655969455_60b28ecc16_c.jpg
8443956187_1ae0171723_c.jpg,https://live.staticflickr.com/8237/8443956187_1ae0171723_c.jpg
5550875983_15c7d1060d_c.jpg,https://live.staticflickr.com/5270/5550875983_15c7d1060d_c.jpg
7919753352_dabc4c085c_c.jpg,https://live.staticflickr.com/8174/7919753352_dabc4c085c_c.jpg
359907107_4f60fe7476_c.jpg,https://live.staticflickr.com/164/359907107_4f60fe7476_c.jpg
7908428_4b2112347a_c.jpg,https://live.staticflickr.com/8/7908428_4b2112347a_c.jpg
181839369_f93d579b77_c.jpg,https://live.staticflickr.com/64/181839369_f93d579b77_c.jpg
6111046206_9c12d3a891_c.jpg,https://live.staticflickr.com/6186/6111046206_9c12d3a891_c.jpg
4264742482_f35569953e_c.jpg,https://live.staticflickr.com/4053/4264742482_f35569953e_c.jpg
45915229994_df2d99f10e_c.jpg,https://live.staticflickr.com/4900/45915229994_df2d99f10e_c.jpg
3600304112_5c2496ca26_c.jpg,https://live.staticflickr.com/2438/3600304112_5c2496ca26_c.jpg
8515701805_e6b39379a5_c.jpg,https://live.staticflickr.com/8531/8515701805_e6b39379a5_c.jpg
3727391349_3a4197e956_c.jpg,https://live.staticflickr.com/3418/3727391349_3a4197e956_c.jpg
14000643704_2fd037f210_c.jpg,https://live.staticflickr.com/2926/14000643704_2fd037f210_c.jpg
5947010775_7f10e3045b_c.jpg,https://live.staticflickr.com/6009/5947010775_7f10e3045b_c.jpg
8088801263_8684f3683f_c.jpg,https://live.staticflickr.com/8194/8088801263_8684f3683f_c.jpg
381108248_cfe4b6382d_c.jpg,https://live.staticflickr.com/133/381108248_cfe4b6382d_c.jpg
4785956281_7b97594322_c.jpg,https://live.staticflickr.com/4078/4785956281_7b97594322_c.jpg
9452482353_891d6df34e_c.jpg,https://live.staticflickr.com/5345/9452482353_891d6df34e_c.jpg
17698751_ddc2a0cca9_c.jpg,https://live.staticflickr.com/12/17698751_ddc2a0cca9_c.jpg
6309520639_2ebee1591f_c.jpg,https://live.staticflickr.com/6052/6309520639_2ebee1591f_c.jpg
30773190_c2ba778a67_c.jpg,https://live.staticflickr.com/22/30773190_c2ba778a67_c.jpg
5844201636_c04d99a75f_c.jpg,https://live.staticflickr.com/3610/5844201636_c04d99a75f_c.jpg
8023182350_fdcd8e8d33_c.jpg,https://live.staticflickr.com/8177/8023182350_fdcd8e8d33_c.jpg
4030570839_38199e677c_c.jpg,https://live.staticflickr.com/3493/4030570839_38199e677c_c.jpg
6833519817_c83d842735_c.jpg,https://live.staticflickr.com/7025/6833519817_c83d842735_c.jpg
6305889663_b565627ec6_c.jpg,https://live.staticflickr.com/6220/6305889663_b565627ec6_c.jpg
16078488438_f22e1b7e19_c.jpg,https://live.staticflickr.com/8673/16078488438_f22e1b7e19_c.jpg
2806554265_c882912d32_c.jpg,https://live.staticflickr.com/3091/2806554265_c882912d32_c.jpg
6085094845_21f1123c7e_c.jpg,https://live.staticflickr.com/6201/6085094845_21f1123c7e_c.jpg
2932078755_5abcf36ed6_c.jpg,https://live.staticflickr.com/3172/2932078755_5abcf36ed6_c.jpg
11275540913_5fc46afdf2_c.jpg,https://live.staticflickr.com/7398/11275540913_5fc46afdf2_c.jpg
6601622331_aa99d80ed7_c.jpg,https://live.staticflickr.com/7152/6601622331_aa99d80ed7_c.jpg
6977995040_2aa31a14f7_c.jpg,https://live.staticflickr.com/8025/6977995040_2aa31a14f7_c.jpg
5241259458_27521bd4e5_c.jpg,https://live.staticflickr.com/5210/5241259458_27521bd4e5_c.jpg
8035364424_b7703aec63_c.jpg,https://live.staticflickr.com/8179/8035364424_b7703aec63_c.jpg
6189730613_cc54aee56c_c.jpg,https://live.staticflickr.com/6142/6189730613_cc54aee56c_c.jpg
6061238068_ff11ca1956_c.jpg,https://live.staticflickr.com/6191/6061238068_ff11ca1956_c.jpg
26634481164_c25985350c_c.jpg,https://live.staticflickr.com/7415/26634481164_c25985350c_c.jpg
8315994077_04a1509d66_c.jpg,https://live.staticflickr.com/8220/8315994077_04a1509d66_c.jpg
8502034731_b488726a30_c.jpg,https://live.staticflickr.com/8392/8502034731_b488726a30_c.jpg
7061158823_ed79a1d957_c.jpg,https://live.staticflickr.com/5034/7061158823_ed79a1d957_c.jpg
8564707093_f548e07675_c.jpg,https://live.staticflickr.com/8110/8564707093_f548e07675_c.jpg
8742748277_aa6d8fa366_c.jpg,https://live.staticflickr.com/7291/8742748277_aa6d8fa366_c.jpg
9134685982_c47695cff8_c.jpg,https://live.staticflickr.com/7425/9134685982_c47695cff8_c.jpg
3599121779_5f6630faa5_c.jpg,https://live.staticflickr.com/3647/3599121779_5f6630faa5_c.jpg
6959953059_4dcbc68c6e_c.jpg,https://live.staticflickr.com/7060/6959953059_4dcbc68c6e_c.jpg
5427347361_ed0db0cd6e_c.jpg,https://live.staticflickr.com/5137/5427347361_ed0db0cd6e_c.jpg
5377326777_f36c2b8467_c.jpg,https://live.staticflickr.com/5048/5377326777_f36c2b8467_c.jpg
5987721941_57f22d90bf_c.jpg,https://live.staticflickr.com/6148/5987721941_57f22d90bf_c.jpg
15097485809_c7d90876f6_c.jpg,https://live.staticflickr.com/5586/15097485809_c7d90876f6_c.jpg
6695773009_d8452a805b_c.jpg,https://live.staticflickr.com/7154/6695773009_d8452a805b_c.jpg
5399726676_b887102ff2_c.jpg,https://live.staticflickr.com/5092/5399726676_b887102ff2_c.jpg
238845046_70668df2ea_c.jpg,https://live.staticflickr.com/83/238845046_70668df2ea_c.jpg
851818016_f65cade7c1_c.jpg,https://live.staticflickr.com/1216/851818016_f65cade7c1_c.jpg
6996332304_a510e34cab_c.jpg,https://live.staticflickr.com/7197/6996332304_a510e34cab_c.jpg
484559365_8cd488f2e5_c.jpg,https://live.staticflickr.com/194/484559365_8cd488f2e5_c.jpg
16608203439_d7cb6082a3_c.jpg,https://live.staticflickr.com/8613/16608203439_d7cb6082a3_c.jpg
7124078239_ac1e099163_c.jpg,https://live.staticflickr.com/7200/7124078239_ac1e099163_c.jpg
1924381538_6370aeed8c_c.jpg,https://live.staticflickr.com/2155/1924381538_6370aeed8c_c.jpg
5440130181_9f6870acde_c.jpg,https://live.staticflickr.com/5258/5440130181_9f6870acde_c.jpg
15086400227_970ca0bbac_c.jpg,https://live.staticflickr.com/5558/15086400227_970ca0bbac_c.jpg
5670055382_7ae378abf2_c.jpg,https://live.staticflickr.com/5068/5670055382_7ae378abf2_c.jpg
5639496173_1150f72821_c.jpg,https://live.staticflickr.com/5102/5639496173_1150f72821_c.jpg
2983318165_7e1fb7bdc3_c.jpg,https://live.staticflickr.com/3196/2983318165_7e1fb7bdc3_c.jpg
3796764521_d1afc8b15f_c.jpg,https://live.staticflickr.com/2524/3796764521_d1afc8b15f_c.jpg
2136827458_0e4ae8cf3c_c.jpg,https://live.staticflickr.com/2030/2136827458_0e4ae8cf3c_c.jpg
100337250_93f51e6550_c.jpg,https://live.staticflickr.com/33/100337250_93f51e6550_c.jpg
5634759750_03732420b4_c.jpg,https://live.staticflickr.com/5143/5634759750_03732420b4_c.jpg
6110260261_24e2fa98ab_c.jpg,https://live.staticflickr.com/6079/6110260261_24e2fa98ab_c.jpg
5315361829_98d186cc15_c.jpg,https://live.staticflickr.com/5246/5315361829_98d186cc15_c.jpg
5046677495_e48255fb1a_c.jpg,https://live.staticflickr.com/4145/5046677495_e48255fb1a_c.jpg
116831659_89f4911190_c.jpg,https://live.staticflickr.com/36/116831659_89f4911190_c.jpg
15926119021_d707c2227f_c.jpg,https://live.staticflickr.com/7558/15926119021_d707c2227f_c.jpg
6337803126_63dc9393a8_c.jpg,https://live.staticflickr.com/6093/6337803126_63dc9393a8_c.jpg
5912314439_05c62ee678_c.jpg,https://live.staticflickr.com/5275/5912314439_05c62ee678_c.jpg
20631847506_5c536613fa_c.jpg,https://live.staticflickr.com/5746/20631847506_5c536613fa_c.jpg
6129560991_d54f6632c3_c.jpg,https://live.staticflickr.com/6079/6129560991_d54f6632c3_c.jpg
14109312503_ce273528ae_c.jpg,https://live.staticflickr.com/5589/14109312503_ce273528ae_c.jpg
6953582234_00c4a71ea1_c.jpg,https://live.staticflickr.com/5456/6953582234_00c4a71ea1_c.jpg
6742525605_d3d09e0531_c.jpg,https://live.staticflickr.com/7173/6742525605_d3d09e0531_c.jpg
3950548975_d4d9bf045b_c.jpg,https://live.staticflickr.com/2590/3950548975_d4d9bf045b_c.jpg
5458397077_00e3d01e84_c.jpg,https://live.staticflickr.com/5138/5458397077_00e3d01e84_c.jpg
2271292165_a069f5596c_c.jpg,https://live.staticflickr.com/2359/2271292165_a069f5596c_c.jpg
5520717896_4f8a21105c_c.jpg,https://live.staticflickr.com/5291/5520717896_4f8a21105c_c.jpg
5755898599_26d97b5c1e_c.jpg,https://live.staticflickr.com/3568/5755898599_26d97b5c1e_c.jpg
3732824550_57351be7f5_c.jpg,https://live.staticflickr.com/3496/3732824550_57351be7f5_c.jpg
1314071306_9e0ffab619_c.jpg,https://live.staticflickr.com/1404/1314071306_9e0ffab619_c.jpg
26063023973_aa46ed6ebf_c.jpg,https://live.staticflickr.com/1586/26063023973_aa46ed6ebf_c.jpg
3193402047_de5558f98b_c.jpg,https://live.staticflickr.com/3098/3193402047_de5558f98b_c.jpg
6341728318_3a881daa75_c.jpg,https://live.staticflickr.com/6217/6341728318_3a881daa75_c.jpg
5509754525_71b4e1882a_c.jpg,https://live.staticflickr.com/5057/5509754525_71b4e1882a_c.jpg
6800748116_2414d1e9ed_c.jpg,https://live.staticflickr.com/7055/6800748116_2414d1e9ed_c.jpg
4994163035_d3a53d545b_c.jpg,https://live.staticflickr.com/4092/4994163035_d3a53d545b_c.jpg
12581191895_307ea20c10_c.jpg,https://live.staticflickr.com/3754/12581191895_307ea20c10_c.jpg
16244937321_0620c86beb_c.jpg,https://live.staticflickr.com/7568/16244937321_0620c86beb_c.jpg
398052537_8270e70de0_c.jpg,https://live.staticflickr.com/167/398052537_8270e70de0_c.jpg
6661369781_11c66e77c4_c.jpg,https://live.staticflickr.com/7160/6661369781_11c66e77c4_c.jpg
2599189806_86ee3331a6_c.jpg,https://live.staticflickr.com/2044/2599189806_86ee3331a6_c.jpg
5451799808_e6b8bcf481_c.jpg,https://live.staticflickr.com/5215/5451799808_e6b8bcf481_c.jpg
5384350316_326f55cfdb_c.jpg,https://live.staticflickr.com/5215/5384350316_326f55cfdb_c.jpg
14349731724_0923495a65_c.jpg,https://live.staticflickr.com/5232/14349731724_0923495a65_c.jpg
7541818562_f579295df7_c.jpg,https://live.staticflickr.com/7137/7541818562_f579295df7_c.jpg
11646387495_8ab5f2f329_c.jpg,https://live.staticflickr.com/5499/11646387495_8ab5f2f329_c.jpg
8210769052_f0c81d3a79_c.jpg,https://live.staticflickr.com/8478/8210769052_f0c81d3a79_c.jpg
5500443858_d934746847_c.jpg,https://live.staticflickr.com/5138/5500443858_d934746847_c.jpg
6280766001_baa8629139_c.jpg,https://live.staticflickr.com/6112/6280766001_baa8629139_c.jpg
4643455157_63cbf20cb5_c.jpg,https://live.staticflickr.com/4029/4643455157_63cbf20cb5_c.jpg
8050809294_4b2f140cdf_c.jpg,https://live.staticflickr.com/8318/8050809294_4b2f140cdf_c.jpg
8294395649_bede456cec_c.jpg,https://live.staticflickr.com/8084/8294395649_bede456cec_c.jpg
21163321889_6a5a6f28d9_c.jpg,https://live.staticflickr.com/711/21163321889_6a5a6f28d9_c.jpg
210852700_22fa457108_c.jpg,https://live.staticflickr.com/74/210852700_22fa457108_c.jpg
148708358_b380efb8f3_c.jpg,https://live.staticflickr.com/51/148708358_b380efb8f3_c.jpg
16640656506_aca3048751_c.jpg,https://live.staticflickr.com/8675/16640656506_aca3048751_c.jpg
8454818550_72b93b1232_c.jpg,https://live.staticflickr.com/8086/8454818550_72b93b1232_c.jpg
6117538859_4a59f77215_c.jpg,https://live.staticflickr.com/6186/6117538859_4a59f77215_c.jpg
2963280821_51e247307c_c.jpg,https://live.staticflickr.com/3200/2963280821_51e247307c_c.jpg
4994221690_d070e8a355_c.jpg,https://live.staticflickr.com/4091/4994221690_d070e8a355_c.jpg
6089997172_de689bf89c_c.jpg,https://live.staticflickr.com/6181/6089997172_de689bf89c_c.jpg
2217272094_f6e0eb110e_c.jpg,https://live.staticflickr.com/2282/2217272094_f6e0eb110e_c.jpg
5445760074_de15e45dfd_c.jpg,https://live.staticflickr.com/4094/5445760074_de15e45dfd_c.jpg
2946548454_56c6bf3b1d_c.jpg,https://live.staticflickr.com/3249/2946548454_56c6bf3b1d_c.jpg
4363548485_9beecb0f6f_c.jpg,https://live.staticflickr.com/4028/4363548485_9beecb0f6f_c.jpg
3139402866_a578d70703_c.jpg,https://live.staticflickr.com/3128/3139402866_a578d70703_c.jpg
17031717_0bb882efda_c.jpg,https://live.staticflickr.com/14/17031717_0bb882efda_c.jpg
4498339692_31b71b9f76_c.jpg,https://live.staticflickr.com/4062/4498339692_31b71b9f76_c.jpg
5208024596_768dfd217d_c.jpg,https://live.staticflickr.com/5162/5208024596_768dfd217d_c.jpg
8560781488_2b7887cd60_c.jpg,https://live.staticflickr.com/8385/8560781488_2b7887cd60_c.jpg
3709198900_1c992879f0_c.jpg,https://live.staticflickr.com/2522/3709198900_1c992879f0_c.jpg
5001227590_1a883e0927_c.jpg,https://live.staticflickr.com/4147/5001227590_1a883e0927_c.jpg
3136150397_e2ac103ca1_c.jpg,https://live.staticflickr.com/3287/3136150397_e2ac103ca1_c.jpg
5334542660_40475b37fc_c.jpg,https://live.staticflickr.com/5203/5334542660_40475b37fc_c.jpg
7667823816_f7783de86d_c.jpg,https://live.staticflickr.com/7275/7667823816_f7783de86d_c.jpg
7032691777_d819654efd_c.jpg,https://live.staticflickr.com/7081/7032691777_d819654efd_c.jpg
5203415908_273de36325_c.jpg,https://live.staticflickr.com/4151/5203415908_273de36325_c.jpg
6337052800_166c066968_c.jpg,https://live.staticflickr.com/6042/6337052800_166c066968_c.jpg
4996088192_47ce29fc92_c.jpg,https://live.staticflickr.com/4147/4996088192_47ce29fc92_c.jpg
3873874898_93cf395e09_c.jpg,https://live.staticflickr.com/2427/3873874898_93cf395e09_c.jpg
10205536644_322a193133_c.jpg,https://live.staticflickr.com/8261/10205536644_322a193133_c.jpg
23760066213_fe58ac7a34_c.jpg,https://live.staticflickr.com/1602/23760066213_fe58ac7a34_c.jpg
8562081438_2bb12b5913_c.jpg,https://live.staticflickr.com/8245/8562081438_2bb12b5913_c.jpg
16822341285_985049ceff_c.jpg,https://live.staticflickr.com/8629/16822341285_985049ceff_c.jpg
19013543155_4bc679b2ab_c.jpg,https://live.staticflickr.com/535/19013543155_4bc679b2ab_c.jpg
7788782632_b00bdcc8cd_c.jpg,https://live.staticflickr.com/8448/7788782632_b00bdcc8cd_c.jpg
5295179711_1b08bd4e84_c.jpg,https://live.staticflickr.com/5243/5295179711_1b08bd4e84_c.jpg
8072405004_9b71f38ba3_c.jpg,https://live.staticflickr.com/8450/8072405004_9b71f38ba3_c.jpg
6500548321_12b99d3d3b_c.jpg,https://live.staticflickr.com/7003/6500548321_12b99d3d3b_c.jpg
6956908511_516837c057_c.jpg,https://live.staticflickr.com/7194/6956908511_516837c057_c.jpg
5048330812_38ef9d6dbc_c.jpg,https://live.staticflickr.com/4148/5048330812_38ef9d6dbc_c.jpg
5429285314_088e35c93c_c.jpg,https://live.staticflickr.com/5218/5429285314_088e35c93c_c.jpg
7728013354_1accaa0635_c.jpg,https://live.staticflickr.com/8284/7728013354_1accaa0635_c.jpg
5740065743_3463908188_c.jpg,https://live.staticflickr.com/5188/5740065743_3463908188_c.jpg
3011373574_6af0aa77c1_c.jpg,https://live.staticflickr.com/3001/3011373574_6af0aa77c1_c.jpg
6041131613_63df106ce8_c.jpg,https://live.staticflickr.com/6149/6041131613_63df106ce8_c.jpg
6837347817_96da1576a7_c.jpg,https://live.staticflickr.com/7028/6837347817_96da1576a7_c.jpg
8158104855_205feb2dbf_c.jpg,https://live.staticflickr.com/7258/8158104855_205feb2dbf_c.jpg
392969061_516cf8d8bb_c.jpg,https://live.staticflickr.com/181/392969061_516cf8d8bb_c.jpg
376042578_362aa1041d_c.jpg,https://live.staticflickr.com/32/376042578_362aa1041d_c.jpg
5327177086_d8eaf469c4_c.jpg,https://live.staticflickr.com/5246/5327177086_d8eaf469c4_c.jpg
5205208163_e0678ebc0e_c.jpg,https://live.staticflickr.com/4154/5205208163_e0678ebc0e_c.jpg
401570691_e8ddb7c304_c.jpg,https://live.staticflickr.com/168/401570691_e8ddb7c304_c.jpg
7747644546_2abe593908_c.jpg,https://live.staticflickr.com/8424/7747644546_2abe593908_c.jpg
15815499927_d27ee88fbc_c.jpg,https://live.staticflickr.com/7490/15815499927_d27ee88fbc_c.jpg
29302022243_dc89ef4fc9_c.jpg,https://live.staticflickr.com/8030/29302022243_dc89ef4fc9_c.jpg
3723064921_d98125f181_c.jpg,https://live.staticflickr.com/2605/3723064921_d98125f181_c.jpg
3877081949_35d723370b_c.jpg,https://live.staticflickr.com/2512/3877081949_35d723370b_c.jpg
2888684697_41be535bc0_c.jpg,https://live.staticflickr.com/3123/2888684697_41be535bc0_c.jpg
3978014728_236bd04129_c.jpg,https://live.staticflickr.com/3629/3978014728_236bd04129_c.jpg
6672001215_4b3884560f_c.jpg,https://live.staticflickr.com/7002/6672001215_4b3884560f_c.jpg
8445036346_0aa5472005_c.jpg,https://live.staticflickr.com/8495/8445036346_0aa5472005_c.jpg
1125829686_cd0d31d3b2_c.jpg,https://live.staticflickr.com/1346/1125829686_cd0d31d3b2_c.jpg
4330167551_8a37d609b1_c.jpg,https://live.staticflickr.com/4032/4330167551_8a37d609b1_c.jpg
620011451_9227596a7a_c.jpg,https://live.staticflickr.com/1044/620011451_9227596a7a_c.jpg
3477231332_db827ba309_c.jpg,https://live.staticflickr.com/3119/3477231332_db827ba309_c.jpg
6923425907_418f277904_c.jpg,https://live.staticflickr.com/7048/6923425907_418f277904_c.jpg
7434423434_ceecd0b9df_c.jpg,https://live.staticflickr.com/8150/7434423434_ceecd0b9df_c.jpg
2455222292_f4d983b546_c.jpg,https://live.staticflickr.com/2079/2455222292_f4d983b546_c.jpg
2337031466_339d17058c_c.jpg,https://live.staticflickr.com/2205/2337031466_339d17058c_c.jpg
14502516964_ee024d03ab_c.jpg,https://live.staticflickr.com/3840/14502516964_ee024d03ab_c.jpg
5650479913_7a198c6f8f_c.jpg,https://live.staticflickr.com/5267/5650479913_7a198c6f8f_c.jpg
21870792268_8dfe8a9bf7_c.jpg,https://live.staticflickr.com/5836/21870792268_8dfe8a9bf7_c.jpg
25778666345_6074744495_c.jpg,https://live.staticflickr.com/1587/25778666345_6074744495_c.jpg
5552415093_a067211440_c.jpg,https://live.staticflickr.com/5262/5552415093_a067211440_c.jpg
14390201948_85a40c901f_c.jpg,https://live.staticflickr.com/2926/14390201948_85a40c901f_c.jpg
5731695320_79d3fb9d9d_c.jpg,https://live.staticflickr.com/2115/5731695320_79d3fb9d9d_c.jpg
6609241_b35889fefc_c.jpg,https://live.staticflickr.com/3/6609241_b35889fefc_c.jpg
6251160192_f3ef37a367_c.jpg,https://live.staticflickr.com/6092/6251160192_f3ef37a367_c.jpg
4626937454_bf0896dfd6_c.jpg,https://live.staticflickr.com/4044/4626937454_bf0896dfd6_c.jpg
846992414_a37e32e614_c.jpg,https://live.staticflickr.com/1093/846992414_a37e32e614_c.jpg
6885760067_2dff5fd5d4_c.jpg,https://live.staticflickr.com/7183/6885760067_2dff5fd5d4_c.jpg
6783012518_af1a05a68d_c.jpg,https://live.staticflickr.com/7198/6783012518_af1a05a68d_c.jpg
2866217786_141bf976db_c.jpg,https://live.staticflickr.com/3143/2866217786_141bf976db_c.jpg
12062578293_6b157eedfa_c.jpg,https://live.staticflickr.com/7336/12062578293_6b157eedfa_c.jpg
11963331_548cc5d60f_c.jpg,https://live.staticflickr.com/6/11963331_548cc5d60f_c.jpg
16234537201_b0293f9159_c.jpg,https://live.staticflickr.com/7479/16234537201_b0293f9159_c.jpg
6267926599_23b9c0a2ba_c.jpg,https://live.staticflickr.com/6178/6267926599_23b9c0a2ba_c.jpg
4383902484_7a989bb44a_c.jpg,https://live.staticflickr.com/2693/4383902484_7a989bb44a_c.jpg
6636664559_2b8c250f80_c.jpg,https://live.staticflickr.com/7030/6636664559_2b8c250f80_c.jpg
27210910268_beb209bb6e_c.jpg,https://live.staticflickr.com/800/27210910268_beb209bb6e_c.jpg
6852791065_f6205f72d1_c.jpg,https://live.staticflickr.com/7050/6852791065_f6205f72d1_c.jpg
4197443778_2e3cb650c7_c.jpg,https://live.staticflickr.com/4009/4197443778_2e3cb650c7_c.jpg
7128286251_f6f28bdf31_c.jpg,https://live.staticflickr.com/8010/7128286251_f6f28bdf31_c.jpg
130351815_d9a104615c_c.jpg,https://live.staticflickr.com/55/130351815_d9a104615c_c.jpg
5163575639_1811cd5efa_c.jpg,https://live.staticflickr.com/1204/5163575639_1811cd5efa_c.jpg
4124641519_dfb0147792_c.jpg,https://live.staticflickr.com/2490/4124641519_dfb0147792_c.jpg
4217869291_30fb539680_c.jpg,https://live.staticflickr.com/4058/4217869291_30fb539680_c.jpg
16418522061_0d8be5da80_c.jpg,https://live.staticflickr.com/7397/16418522061_0d8be5da80_c.jpg
7139859743_8d5d69bc32_c.jpg,https://live.staticflickr.com/8021/7139859743_8d5d69bc32_c.jpg
6929868821_20ff5235ab_c.jpg,https://live.staticflickr.com/7178/6929868821_20ff5235ab_c.jpg
5463344111_5cb5a07710_c.jpg,https://live.staticflickr.com/5258/5463344111_5cb5a07710_c.jpg
6647178779_39e4c75e7c_c.jpg,https://live.staticflickr.com/7004/6647178779_39e4c75e7c_c.jpg
7704389804_c29267495f_c.jpg,https://live.staticflickr.com/8028/7704389804_c29267495f_c.jpg
23536142896_9c60c0a021_c.jpg,https://live.staticflickr.com/5752/23536142896_9c60c0a021_c.jpg
4045182816_2b859d0e12_c.jpg,https://live.staticflickr.com/3534/4045182816_2b859d0e12_c.jpg
5594351056_2c8bdf4558_c.jpg,https://live.staticflickr.com/5222/5594351056_2c8bdf4558_c.jpg
6115288185_63fae2b669_c.jpg,https://live.staticflickr.com/6182/6115288185_63fae2b669_c.jpg
8294198955_d3d290b797_c.jpg,https://live.staticflickr.com/8211/8294198955_d3d290b797_c.jpg
7189919735_0be68d17f0_c.jpg,https://live.staticflickr.com/7105/7189919735_0be68d17f0_c.jpg
4778489377_691689197e_c.jpg,https://live.staticflickr.com/4096/4778489377_691689197e_c.jpg
4444822203_2c39ce100a_c.jpg,https://live.staticflickr.com/2776/4444822203_2c39ce100a_c.jpg
19576626014_fb7d584eae_c.jpg,https://live.staticflickr.com/544/19576626014_fb7d584eae_c.jpg
17590907238_ee10842576_c.jpg,https://live.staticflickr.com/8778/17590907238_ee10842576_c.jpg
6158517340_650065af37_c.jpg,https://live.staticflickr.com/6090/6158517340_650065af37_c.jpg
3009766146_89472f9171_c.jpg,https://live.staticflickr.com/3220/3009766146_89472f9171_c.jpg
6784625582_c98cd79a43_c.jpg,https://live.staticflickr.com/7185/6784625582_c98cd79a43_c.jpg
13364275853_3002ddf26d_c.jpg,https://live.staticflickr.com/3827/13364275853_3002ddf26d_c.jpg
3573218586_7489d0b5b7_c.jpg,https://live.staticflickr.com/2464/3573218586_7489d0b5b7_c.jpg
3699292693_e116a82408_c.jpg,https://live.staticflickr.com/2531/3699292693_e116a82408_c.jpg
2488652771_6a7fcc06f4_c.jpg,https://live.staticflickr.com/2181/2488652771_6a7fcc06f4_c.jpg
2776611933_9e454e7ebe_c.jpg,https://live.staticflickr.com/3136/2776611933_9e454e7ebe_c.jpg
2261810194_9339de2405_c.jpg,https://live.staticflickr.com/2414/2261810194_9339de2405_c.jpg
8378022230_cc70a5dc96_c.jpg,https://live.staticflickr.com/8356/8378022230_cc70a5dc96_c.jpg
2123564503_f5c4a88559_c.jpg,https://live.staticflickr.com/2157/2123564503_f5c4a88559_c.jpg
5838233355_b1a5f09d27_c.jpg,https://live.staticflickr.com/5230/5838233355_b1a5f09d27_c.jpg
7314845776_e53785ac31_c.jpg,https://live.staticflickr.com/7239/7314845776_e53785ac31_c.jpg
15733544682_7258fd22e6_c.jpg,https://live.staticflickr.com/7540/15733544682_7258fd22e6_c.jpg
26634484394_54f14d9c9e_c.jpg,https://live.staticflickr.com/7155/26634484394_54f14d9c9e_c.jpg
26052027472_7234aaef18_c.jpg,https://live.staticflickr.com/1585/26052027472_7234aaef18_c.jpg
2248855764_dbb65f9903_c.jpg,https://live.staticflickr.com/2226/2248855764_dbb65f9903_c.jpg
5441975219_f0715935b3_c.jpg,https://live.staticflickr.com/4079/5441975219_f0715935b3_c.jpg
4097329658_7710213bc2_c.jpg,https://live.staticflickr.com/2461/4097329658_7710213bc2_c.jpg
4029317175_4c2616b126_c.jpg,https://live.staticflickr.com/2438/4029317175_4c2616b126_c.jpg
3883841716_e025da776d_c.jpg,https://live.staticflickr.com/2467/3883841716_e025da776d_c.jpg
4483138190_23277b82ee_c.jpg,https://live.staticflickr.com/4069/4483138190_23277b82ee_c.jpg
7788781170_995503178e_c.jpg,https://live.staticflickr.com/8284/7788781170_995503178e_c.jpg
4482477395_a32ed93767_c.jpg,https://live.staticflickr.com/4023/4482477395_a32ed93767_c.jpg
26634476874_b12e94c3a2_c.jpg,https://live.staticflickr.com/7568/26634476874_b12e94c3a2_c.jpg
6848135025_d61a928aa9_c.jpg,https://live.staticflickr.com/7036/6848135025_d61a928aa9_c.jpg
3316057293_42c9bdd547_c.jpg,https://live.staticflickr.com/3498/3316057293_42c9bdd547_c.jpg
4008190285_b7b84dcbab_c.jpg,https://live.staticflickr.com/2618/4008190285_b7b84dcbab_c.jpg
3338292272_bc8e870e70_c.jpg,https://live.staticflickr.com/3561/3338292272_bc8e870e70_c.jpg
4196690055_2a0bb05bb1_c.jpg,https://live.staticflickr.com/2519/4196690055_2a0bb05bb1_c.jpg
14934149264_558a16fb8e_c.jpg,https://live.staticflickr.com/3949/14934149264_558a16fb8e_c.jpg
38378091334_b550c11041_c.jpg,https://live.staticflickr.com/4643/38378091334_b550c11041_c.jpg
3442668697_140787c3ed_c.jpg,https://live.staticflickr.com/3408/3442668697_140787c3ed_c.jpg
6489241629_726a15fb13_c.jpg,https://live.staticflickr.com/7017/6489241629_726a15fb13_c.jpg
217496668_d2ccf0a3f5_c.jpg,https://live.staticflickr.com/73/217496668_d2ccf0a3f5_c.jpg
16367130181_ce75a70075_c.jpg,https://live.staticflickr.com/7438/16367130181_ce75a70075_c.jpg
2185564978_507297c5ac_c.jpg,https://live.staticflickr.com/2151/2185564978_507297c5ac_c.jpg
558332291_88d1798692_c.jpg,https://live.staticflickr.com/1003/558332291_88d1798692_c.jpg
26061739731_75a2a4198d_c.jpg,https://live.staticflickr.com/1585/26061739731_75a2a4198d_c.jpg
6140736301_4f9f77bf17_c.jpg,https://live.staticflickr.com/6072/6140736301_4f9f77bf17_c.jpg
5386328908_bab16c10d6_c.jpg,https://live.staticflickr.com/5212/5386328908_bab16c10d6_c.jpg
9101445187_b184855d5e_c.jpg,https://live.staticflickr.com/5336/9101445187_b184855d5e_c.jpg
4425129239_085fc07bf8_c.jpg,https://live.staticflickr.com/4040/4425129239_085fc07bf8_c.jpg
5257819249_ebfe97c0c5_c.jpg,https://live.staticflickr.com/5205/5257819249_ebfe97c0c5_c.jpg
5873498770_9cabfdccaf_c.jpg,https://live.staticflickr.com/5039/5873498770_9cabfdccaf_c.jpg
7451715012_1df30e2272_c.jpg,https://live.staticflickr.com/7265/7451715012_1df30e2272_c.jpg
12361957695_8b874c652f_c.jpg,https://live.staticflickr.com/5525/12361957695_8b874c652f_c.jpg
5453060013_fc2acb83a1_c.jpg,https://live.staticflickr.com/5019/5453060013_fc2acb83a1_c.jpg
351805208_ae6fd4fd0c_c.jpg,https://live.staticflickr.com/128/351805208_ae6fd4fd0c_c.jpg
6913076032_14dff77a7c_c.jpg,https://live.staticflickr.com/7223/6913076032_14dff77a7c_c.jpg
8388134456_714d4224f8_c.jpg,https://live.staticflickr.com/8365/8388134456_714d4224f8_c.jpg
100740780_8f3efee109_c.jpg,https://live.staticflickr.com/33/100740780_8f3efee109_c.jpg
2669528258_605f0d064e_c.jpg,https://live.staticflickr.com/3105/2669528258_605f0d064e_c.jpg
716322791_316631b6ab_c.jpg,https://live.staticflickr.com/1062/716322791_316631b6ab_c.jpg
319012578_397dfe03d7_c.jpg,https://live.staticflickr.com/140/319012578_397dfe03d7_c.jpg
3234868556_beb0748623_c.jpg,https://live.staticflickr.com/3116/3234868556_beb0748623_c.jpg
6676210117_54426e352a_c.jpg,https://live.staticflickr.com/7025/6676210117_54426e352a_c.jpg
4566213814_82a0dd9d3c_c.jpg,https://live.staticflickr.com/3467/4566213814_82a0dd9d3c_c.jpg
14894161576_26d794fd82_c.jpg,https://live.staticflickr.com/3894/14894161576_26d794fd82_c.jpg
4064605080_b199d987d6_c.jpg,https://live.staticflickr.com/2487/4064605080_b199d987d6_c.jpg
5658576899_5f5dec70cd_c.jpg,https://live.staticflickr.com/5106/5658576899_5f5dec70cd_c.jpg
16080628770_6f8cbe9fca_c.jpg,https://live.staticflickr.com/8641/16080628770_6f8cbe9fca_c.jpg
4300520310_bb118a5d16_c.jpg,https://live.staticflickr.com/4034/4300520310_bb118a5d16_c.jpg
6444918469_bf70034ed6_c.jpg,https://live.staticflickr.com/7149/6444918469_bf70034ed6_c.jpg
498183431_691be8be56_c.jpg,https://live.staticflickr.com/223/498183431_691be8be56_c.jpg
13188202003_3224c96e32_c.jpg,https://live.staticflickr.com/7017/13188202003_3224c96e32_c.jpg
1170112311_3f6b3113b1_c.jpg,https://live.staticflickr.com/1237/1170112311_3f6b3113b1_c.jpg
459263255_284881b507_c.jpg,https://live.staticflickr.com/167/459263255_284881b507_c.jpg
24358074589_b813226750_c.jpg,https://live.staticflickr.com/1634/24358074589_b813226750_c.jpg
7779997954_441b333c9f_c.jpg,https://live.staticflickr.com/8291/7779997954_441b333c9f_c.jpg
28283718862_0371762a73_c.jpg,https://live.staticflickr.com/8655/28283718862_0371762a73_c.jpg
5231191417_8546c6a1ce_c.jpg,https://live.staticflickr.com/5125/5231191417_8546c6a1ce_c.jpg
6929322201_8fe083ce52_c.jpg,https://live.staticflickr.com/7210/6929322201_8fe083ce52_c.jpg
133577683_b4210d2a2d_c.jpg,https://live.staticflickr.com/52/133577683_b4210d2a2d_c.jpg
6644086229_3d56d18cc1_c.jpg,https://live.staticflickr.com/7013/6644086229_3d56d18cc1_c.jpg
2484435628_bf5e2e8b46_c.jpg,https://live.staticflickr.com/2208/2484435628_bf5e2e8b46_c.jpg
14279760612_4ce385ee54_c.jpg,https://live.staticflickr.com/3767/14279760612_4ce385ee54_c.jpg
8582592821_6958879534_c.jpg,https://live.staticflickr.com/8506/8582592821_6958879534_c.jpg
9544607197_d5d147a92f_c.jpg,https://live.staticflickr.com/5328/9544607197_d5d147a92f_c.jpg
5371143247_fd61da3a85_c.jpg,https://live.staticflickr.com/5007/5371143247_fd61da3a85_c.jpg
5109436417_5c1f21e506_c.jpg,https://live.staticflickr.com/1335/5109436417_5c1f21e506_c.jpg
6073876314_12ea7b035b_c.jpg,https://live.staticflickr.com/6070/6073876314_12ea7b035b_c.jpg
3096288102_15e01af7ed_c.jpg,https://live.staticflickr.com/3173/3096288102_15e01af7ed_c.jpg
6691478359_3b8b66b028_c.jpg,https://live.staticflickr.com/7147/6691478359_3b8b66b028_c.jpg
24376588190_4c4694208d_c.jpg,https://live.staticflickr.com/1671/24376588190_4c4694208d_c.jpg
3964434957_07025e4098_c.jpg,https://live.staticflickr.com/3461/3964434957_07025e4098_c.jpg
4144695969_c15ca107e2_c.jpg,https://live.staticflickr.com/2673/4144695969_c15ca107e2_c.jpg
5877571988_3079871b46_c.jpg,https://live.staticflickr.com/5069/5877571988_3079871b46_c.jpg
18051502313_08d30cb002_c.jpg,https://live.staticflickr.com/410/18051502313_08d30cb002_c.jpg
6405253861_8af88565b1_c.jpg,https://live.staticflickr.com/7159/6405253861_8af88565b1_c.jpg
1249164237_2fa9831ec5_c.jpg,https://live.staticflickr.com/1158/1249164237_2fa9831ec5_c.jpg
5639739552_63d115d6ea_c.jpg,https://live.staticflickr.com/5186/5639739552_63d115d6ea_c.jpg
2972805140_46996a6b64_c.jpg,https://live.staticflickr.com/3189/2972805140_46996a6b64_c.jpg
12437695_aec0fb3f22_c.jpg,https://live.staticflickr.com/11/12437695_aec0fb3f22_c.jpg
6072663296_92b4f4cd39_c.jpg,https://live.staticflickr.com/6204/6072663296_92b4f4cd39_c.jpg
