5381301033_a8ef922a61_c.jpg,https://live.staticflickr.com/5210/5381301033_a8ef922a61_c.jpg
6860626645_59ee166237_c.jpg,https://live.staticflickr.com/7063/6860626645_59ee166237_c.jpg
6607741323_6d5d5218cd_c.jpg,https://live.staticflickr.com/7018/6607741323_6d5d5218cd_c.jpg
16613993262_4bb7f7874a_c.jpg,https://live.staticflickr.com/8577/16613993262_4bb7f7874a_c.jpg
8346288388_cd507e5282_c.jpg,https://live.staticflickr.com/8352/8346288388_cd507e5282_c.jpg
2133721692_6df8dcab88_c.jpg,https://live.staticflickr.com/2345/2133721692_6df8dcab88_c.jpg
2124102411_ff0437ff41_c.jpg,https://live.staticflickr.com/2163/2124102411_ff0437ff41_c.jpg
3033956681_a8d1d5f6d1_c.jpg,https://live.staticflickr.com/3037/3033956681_a8d1d5f6d1_c.jpg
16104491773_9cc84cfefc_c.jpg,https://live.staticflickr.com/8589/16104491773_9cc84cfefc_c.jpg
3207884924_d591d88c54_c.jpg,https://live.staticflickr.com/3312/3207884924_d591d88c54_c.jpg
6186159694_5b57c775c2_c.jpg,https://live.staticflickr.com/6163/6186159694_5b57c775c2_c.jpg
17012160842_a5f4cf78a8_c.jpg,https://live.staticflickr.com/8724/17012160842_a5f4cf78a8_c.jpg
5587551412_fa3c7e9160_c.jpg,https://live.staticflickr.com/5108/5587551412_fa3c7e9160_c.jpg
5951079854_268766c8e8_c.jpg,https://live.staticflickr.com/6145/5951079854_268766c8e8_c.jpg
212833788_37b037de12_c.jpg,https://live.staticflickr.com/59/212833788_37b037de12_c.jpg
6246270647_edc7387cfc_c.jpg,https://live.staticflickr.com/6114/6246270647_edc7387cfc_c.jpg
15662047908_9d35cbe2f0_c.jpg,https://live.staticflickr.com/7495/15662047908_9d35cbe2f0_c.jpg
2906849739_b942c783f7_c.jpg,https://live.staticflickr.com/3135/2906849739_b942c783f7_c.jpg
5488647532_9e0b664949_c.jpg,https://live.staticflickr.com/5251/5488647532_9e0b664949_c.jpg
7564588908_dec2b1b5d0_c.jpg,https://live.staticflickr.com/8004/7564588908_dec2b1b5d0_c.jpg
6088899104_4671ecb8c7_c.jpg,https://live.staticflickr.com/6210/6088899104_4671ecb8c7_c.jpg
3600866644_35794645b0_c.jpg,https://live.staticflickr.com/3332/3600866644_35794645b0_c.jpg
29521636782_3289c120f6_c.jpg,https://live.staticflickr.com/8549/29521636782_3289c120f6_c.jpg
15165630350_d6c66a346c_c.jpg,https://live.staticflickr.com/2950/15165630350_d6c66a346c_c.jpg
16079378039_7b56100008_c.jpg,https://live.staticflickr.com/8661/16079378039_7b56100008_c.jpg
8423248873_789d4d16c0_c.jpg,https://live.staticflickr.com/8052/8423248873_789d4d16c0_c.jpg
6010041558_ac0b2d808f_c.jpg,https://live.staticflickr.com/6144/6010041558_ac0b2d808f_c.jpg
5380930175_469b1c4aff_c.jpg,https://live.staticflickr.com/5163/5380930175_469b1c4aff_c.jpg
6782437119_da994aa86c_c.jpg,https://live.staticflickr.com/7166/6782437119_da994aa86c_c.jpg
5874220798_e74986294b_c.jpg,https://live.staticflickr.com/5080/5874220798_e74986294b_c.jpg
7967287074_170a9a73a3_c.jpg,https://live.staticflickr.com/8306/7967287074_170a9a73a3_c.jpg
45602909271_49f7292159_c.jpg,https://live.staticflickr.com/1975/45602909271_49f7292159_c.jpg
3207883246_4a949dde0d_c.jpg,https://live.staticflickr.com/3086/3207883246_4a949dde0d_c.jpg
2124102463_753d93a90b_c.jpg,https://live.staticflickr.com/2044/2124102463_753d93a90b_c.jpg
11518171916_52f5649bd7_c.jpg,https://live.staticflickr.com/7360/11518171916_52f5649bd7_c.jpg
7910673688_c664fbd2d7_c.jpg,https://live.staticflickr.com/8031/7910673688_c664fbd2d7_c.jpg
4110063318_f78332602a_c.jpg,https://live.staticflickr.com/2669/4110063318_f78332602a_c.jpg
8304056060_1e5c86e19f_c.jpg,https://live.staticflickr.com/8504/8304056060_1e5c86e19f_c.jpg
3667847179_fd4fff5cc1_c.jpg,https://live.staticflickr.com/2425/3667847179_fd4fff5cc1_c.jpg
3708461571_9e6eb6ee3d_c.jpg,https://live.staticflickr.com/2674/3708461571_9e6eb6ee3d_c.jpg
5426136988_9f3eb25880_c.jpg,https://live.staticflickr.com/5019/5426136988_9f3eb25880_c.jpg
5340162168_54cb48b2b1_c.jpg,https://live.staticflickr.com/5046/5340162168_54cb48b2b1_c.jpg
8406479563_86c7f62a78_c.jpg,https://live.staticflickr.com/8098/8406479563_86c7f62a78_c.jpg
17527385450_2fb677fe62_c.jpg,https://live.staticflickr.com/5468/17527385450_2fb677fe62_c.jpg
6266459148_dd2d8354f9_c.jpg,https://live.staticflickr.com/6169/6266459148_dd2d8354f9_c.jpg
2124877374_b465a3717d_c.jpg,https://live.staticflickr.com/2270/2124877374_b465a3717d_c.jpg
4475145632_833bf3585f_c.jpg,https://live.staticflickr.com/4035/4475145632_833bf3585f_c.jpg
15410896904_bbc108018a_c.jpg,https://live.staticflickr.com/7510/15410896904_bbc108018a_c.jpg
9714535765_d33fa6ff7c_c.jpg,https://live.staticflickr.com/7422/9714535765_d33fa6ff7c_c.jpg
1427431896_3f079aec4f_c.jpg,https://live.staticflickr.com/1394/1427431896_3f079aec4f_c.jpg
6088354961_a7b90cc48a_c.jpg,https://live.staticflickr.com/6073/6088354961_a7b90cc48a_c.jpg
16873445080_6f2c646dfb_c.jpg,https://live.staticflickr.com/8720/16873445080_6f2c646dfb_c.jpg
6088356389_3a539644de_c.jpg,https://live.staticflickr.com/6063/6088356389_3a539644de_c.jpg
30417130922_59578b33f6_c.jpg,https://live.staticflickr.com/5669/30417130922_59578b33f6_c.jpg
8548692964_34e82259c6_c.jpg,https://live.staticflickr.com/8526/8548692964_34e82259c6_c.jpg
4227822080_1828bd2443_c.jpg,https://live.staticflickr.com/2636/4227822080_1828bd2443_c.jpg
2895377504_60fa7c6e86_c.jpg,https://live.staticflickr.com/3016/2895377504_60fa7c6e86_c.jpg
15398392890_69423466b1_c.jpg,https://live.staticflickr.com/3943/15398392890_69423466b1_c.jpg
5340163678_6b25dbc628_c.jpg,https://live.staticflickr.com/5283/5340163678_6b25dbc628_c.jpg
31273360882_de6647c976_c.jpg,https://live.staticflickr.com/5451/31273360882_de6647c976_c.jpg
1607442851_b725807a95_c.jpg,https://live.staticflickr.com/2375/1607442851_b725807a95_c.jpg
5285595282_6ea4f01473_c.jpg,https://live.staticflickr.com/5124/5285595282_6ea4f01473_c.jpg
5250952475_ec1b7b1f2a_c.jpg,https://live.staticflickr.com/5281/5250952475_ec1b7b1f2a_c.jpg
6145290487_f4d2bdf928_c.jpg,https://live.staticflickr.com/6169/6145290487_f4d2bdf928_c.jpg
6907208584_2c9903d769_c.jpg,https://live.staticflickr.com/5337/6907208584_2c9903d769_c.jpg
4488526625_4919cdb89b_c.jpg,https://live.staticflickr.com/4015/4488526625_4919cdb89b_c.jpg
6902066309_7c87dc2a23_c.jpg,https://live.staticflickr.com/7065/6902066309_7c87dc2a23_c.jpg
14784889249_6f546c7bba_c.jpg,https://live.staticflickr.com/3865/14784889249_6f546c7bba_c.jpg
4260776683_fd2738da3b_c.jpg,https://live.staticflickr.com/4056/4260776683_fd2738da3b_c.jpg
1799719712_8c1b9c3eae_c.jpg,https://live.staticflickr.com/2380/1799719712_8c1b9c3eae_c.jpg
5806593832_1acb87d481_c.jpg,https://live.staticflickr.com/5184/5806593832_1acb87d481_c.jpg
6705613565_765baeec49_c.jpg,https://live.staticflickr.com/7144/6705613565_765baeec49_c.jpg
13519200674_96e1e0a424_c.jpg,https://live.staticflickr.com/2872/13519200674_96e1e0a424_c.jpg
6778401408_8c0cafa371_c.jpg,https://live.staticflickr.com/7062/6778401408_8c0cafa371_c.jpg
5629137049_6ce9bc059c_c.jpg,https://live.staticflickr.com/5070/5629137049_6ce9bc059c_c.jpg
390075985_f48cab9e8b_c.jpg,https://live.staticflickr.com/136/390075985_f48cab9e8b_c.jpg
7993325671_946980e80b_c.jpg,https://live.staticflickr.com/8445/7993325671_946980e80b_c.jpg
2259087838_8b4c7c249c_c.jpg,https://live.staticflickr.com/2108/2259087838_8b4c7c249c_c.jpg
3867709203_879b994876_c.jpg,https://live.staticflickr.com/3529/3867709203_879b994876_c.jpg
5894744901_a6a9ac31b0_c.jpg,https://live.staticflickr.com/5160/5894744901_a6a9ac31b0_c.jpg
6717295779_c9d1d538c2_c.jpg,https://live.staticflickr.com/7021/6717295779_c9d1d538c2_c.jpg
9859764243_096b9413d8_c.jpg,https://live.staticflickr.com/3677/9859764243_096b9413d8_c.jpg
437986746_02d1a039df_c.jpg,https://live.staticflickr.com/185/437986746_02d1a039df_c.jpg
6014661061_d412775046_c.jpg,https://live.staticflickr.com/6128/6014661061_d412775046_c.jpg
5157981027_b03ae07aec_c.jpg,https://live.staticflickr.com/4025/5157981027_b03ae07aec_c.jpg
751530188_7351070f89_c.jpg,https://live.staticflickr.com/1354/751530188_7351070f89_c.jpg
1675494892_3b9ae3b644_c.jpg,https://live.staticflickr.com/2347/1675494892_3b9ae3b644_c.jpg
6227396535_4a52043a91_c.jpg,https://live.staticflickr.com/6175/6227396535_4a52043a91_c.jpg
3944184643_e474bd06fe_c.jpg,https://live.staticflickr.com/2668/3944184643_e474bd06fe_c.jpg
3187909949_6ae5cea141_c.jpg,https://live.staticflickr.com/3426/3187909949_6ae5cea141_c.jpg
15506092477_8fb8672740_c.jpg,https://live.staticflickr.com/7530/15506092477_8fb8672740_c.jpg
11501212674_5597b868d0_c.jpg,https://live.staticflickr.com/3769/11501212674_5597b868d0_c.jpg
4110907178_8b2d958605_c.jpg,https://live.staticflickr.com/2578/4110907178_8b2d958605_c.jpg
5388592317_ebb1ca0867_c.jpg,https://live.staticflickr.com/5019/5388592317_ebb1ca0867_c.jpg
5212056684_7dfbbf5714_c.jpg,https://live.staticflickr.com/5130/5212056684_7dfbbf5714_c.jpg
62788733_fdc26d67d6_c.jpg,https://live.staticflickr.com/28/62788733_fdc26d67d6_c.jpg
6640378767_e839fa609c_c.jpg,https://live.staticflickr.com/7169/6640378767_e839fa609c_c.jpg
6323962224_4d2b30ea90_c.jpg,https://live.staticflickr.com/6114/6323962224_4d2b30ea90_c.jpg
5229492346_30fb269f78_c.jpg,https://live.staticflickr.com/5201/5229492346_30fb269f78_c.jpg
10422809944_349406d86f_c.jpg,https://live.staticflickr.com/7360/10422809944_349406d86f_c.jpg
10191043866_c11fd51f5c_c.jpg,https://live.staticflickr.com/7451/10191043866_c11fd51f5c_c.jpg
5265689141_743131d257_c.jpg,https://live.staticflickr.com/5205/5265689141_743131d257_c.jpg
2907480453_650a151392_c.jpg,https://live.staticflickr.com/3248/2907480453_650a151392_c.jpg
16039076959_0ebc2405a4_c.jpg,https://live.staticflickr.com/8571/16039076959_0ebc2405a4_c.jpg
2206411468_2f24700939_c.jpg,https://live.staticflickr.com/2217/2206411468_2f24700939_c.jpg
11841441803_f445582ce9_c.jpg,https://live.staticflickr.com/3802/11841441803_f445582ce9_c.jpg
171197339_15f8c7f9dd_c.jpg,https://live.staticflickr.com/61/171197339_15f8c7f9dd_c.jpg
29965140050_4ef18b8552_c.jpg,https://live.staticflickr.com/5836/29965140050_4ef18b8552_c.jpg
5496194883_8b766fe6ac_c.jpg,https://live.staticflickr.com/5020/5496194883_8b766fe6ac_c.jpg
4018015150_38c4ac28ee_c.jpg,https://live.staticflickr.com/3476/4018015150_38c4ac28ee_c.jpg
4299516302_cd60a8916e_c.jpg,https://live.staticflickr.com/4026/4299516302_cd60a8916e_c.jpg
4470792411_97ce1eca91_c.jpg,https://live.staticflickr.com/4048/4470792411_97ce1eca91_c.jpg
5378154093_e4cd63704b_c.jpg,https://live.staticflickr.com/5006/5378154093_e4cd63704b_c.jpg
5561549193_05cfe9b434_c.jpg,https://live.staticflickr.com/5228/5561549193_05cfe9b434_c.jpg
4481119651_20a340b3eb_c.jpg,https://live.staticflickr.com/4051/4481119651_20a340b3eb_c.jpg
4037371702_a61b08d5ba_c.jpg,https://live.staticflickr.com/2784/4037371702_a61b08d5ba_c.jpg
5653918079_ff1ec6e3ac_c.jpg,https://live.staticflickr.com/5023/5653918079_ff1ec6e3ac_c.jpg
8464053940_1bc0f2da27_c.jpg,https://live.staticflickr.com/8093/8464053940_1bc0f2da27_c.jpg
5228898625_9a8671b655_c.jpg,https://live.staticflickr.com/5089/5228898625_9a8671b655_c.jpg
1219751733_22b6cd7b32_c.jpg,https://live.staticflickr.com/1258/1219751733_22b6cd7b32_c.jpg
106172944_69e9c4f5ce_c.jpg,https://live.staticflickr.com/51/106172944_69e9c4f5ce_c.jpg
8630097623_9b97de1ea9_c.jpg,https://live.staticflickr.com/8391/8630097623_9b97de1ea9_c.jpg
2054378693_b57274eba5_c.jpg,https://live.staticflickr.com/2284/2054378693_b57274eba5_c.jpg
2286500008_034c0e46c0_c.jpg,https://live.staticflickr.com/2399/2286500008_034c0e46c0_c.jpg
71300473_6414a5da16_c.jpg,https://live.staticflickr.com/35/71300473_6414a5da16_c.jpg
3397026450_2b2e5517b4_c.jpg,https://live.staticflickr.com/3643/3397026450_2b2e5517b4_c.jpg
6699240643_761d4b990a_c.jpg,https://live.staticflickr.com/7005/6699240643_761d4b990a_c.jpg
5282237790_2c1895aae7_c.jpg,https://live.staticflickr.com/5165/5282237790_2c1895aae7_c.jpg
5719390270_a91075fd60_c.jpg,https://live.staticflickr.com/3103/5719390270_a91075fd60_c.jpg
2140560028_89b88e43c0_c.jpg,https://live.staticflickr.com/2363/2140560028_89b88e43c0_c.jpg
6835062823_903bbd4db5_c.jpg,https://live.staticflickr.com/7174/6835062823_903bbd4db5_c.jpg
8332464171_b72b431455_c.jpg,https://live.staticflickr.com/8215/8332464171_b72b431455_c.jpg
6118657735_1f5b9a59dd_c.jpg,https://live.staticflickr.com/6072/6118657735_1f5b9a59dd_c.jpg
8332090311_efea20063f_c.jpg,https://live.staticflickr.com/8500/8332090311_efea20063f_c.jpg
1781498593_a1880ee997_c.jpg,https://live.staticflickr.com/2146/1781498593_a1880ee997_c.jpg
3614774881_398ec81e9b_c.jpg,https://live.staticflickr.com/3311/3614774881_398ec81e9b_c.jpg
3945176674_a5abeee862_c.jpg,https://live.staticflickr.com/3286/3945176674_a5abeee862_c.jpg
4573302424_3cec766dd5_c.jpg,https://live.staticflickr.com/3347/4573302424_3cec766dd5_c.jpg
416445037_1d198c1ec1_c.jpg,https://live.staticflickr.com/175/416445037_1d198c1ec1_c.jpg
2923668448_a4329876b7_c.jpg,https://live.staticflickr.com/3250/2923668448_a4329876b7_c.jpg
8413686441_57f76c3b57_c.jpg,https://live.staticflickr.com/8369/8413686441_57f76c3b57_c.jpg
936801307_134eda8aa0_c.jpg,https://live.staticflickr.com/1291/936801307_134eda8aa0_c.jpg
3046300811_52de2bd859_c.jpg,https://live.staticflickr.com/3199/3046300811_52de2bd859_c.jpg
7301415400_e4f947862f_c.jpg,https://live.staticflickr.com/7080/7301415400_e4f947862f_c.jpg
6737798155_7f40c54f2b_c.jpg,https://live.staticflickr.com/7019/6737798155_7f40c54f2b_c.jpg
6707110585_f38ca3929b_c.jpg,https://live.staticflickr.com/7173/6707110585_f38ca3929b_c.jpg
3201667752_1b3db046f2_c.jpg,https://live.staticflickr.com/3118/3201667752_1b3db046f2_c.jpg
26648907978_6363d1a0d4_c.jpg,https://live.staticflickr.com/4630/26648907978_6363d1a0d4_c.jpg
8448178070_609b63f630_c.jpg,https://live.staticflickr.com/8091/8448178070_609b63f630_c.jpg
4296170895_1b7c1c41f6_c.jpg,https://live.staticflickr.com/4031/4296170895_1b7c1c41f6_c.jpg
5359280903_11ce277508_c.jpg,https://live.staticflickr.com/5041/5359280903_11ce277508_c.jpg
6957813997_f1db8a4c12_c.jpg,https://live.staticflickr.com/7190/6957813997_f1db8a4c12_c.jpg
6095061161_fc952fc66f_c.jpg,https://live.staticflickr.com/6186/6095061161_fc952fc66f_c.jpg
1567029468_399f62fcb7_c.jpg,https://live.staticflickr.com/2361/1567029468_399f62fcb7_c.jpg
9423984231_8c6dc16280_c.jpg,https://live.staticflickr.com/7429/9423984231_8c6dc16280_c.jpg
6904346617_28960a4063_c.jpg,https://live.staticflickr.com/7067/6904346617_28960a4063_c.jpg
3473514915_031ec0ab02_c.jpg,https://live.staticflickr.com/3658/3473514915_031ec0ab02_c.jpg
7031731153_d628a41b77_c.jpg,https://live.staticflickr.com/7212/7031731153_d628a41b77_c.jpg
41727567394_298106689a_c.jpg,https://live.staticflickr.com/1730/41727567394_298106689a_c.jpg
5727385415_042cceec7c_c.jpg,https://live.staticflickr.com/3172/5727385415_042cceec7c_c.jpg
8381220998_277e86b394_c.jpg,https://live.staticflickr.com/8046/8381220998_277e86b394_c.jpg
211246783_5b7398cabe_c.jpg,https://live.staticflickr.com/95/211246783_5b7398cabe_c.jpg
16579610477_ab420f5ec4_c.jpg,https://live.staticflickr.com/8619/16579610477_ab420f5ec4_c.jpg
3837367833_3b4d22311c_c.jpg,https://live.staticflickr.com/3581/3837367833_3b4d22311c_c.jpg
3110004224_316e0bc817_c.jpg,https://live.staticflickr.com/3294/3110004224_316e0bc817_c.jpg
5984402152_eb302ecd29_c.jpg,https://live.staticflickr.com/6017/5984402152_eb302ecd29_c.jpg
5034298443_11b2fb9cc5_c.jpg,https://live.staticflickr.com/4146/5034298443_11b2fb9cc5_c.jpg
3060870850_5e1fcca3f7_c.jpg,https://live.staticflickr.com/3226/3060870850_5e1fcca3f7_c.jpg
4474083861_db88ea8e71_c.jpg,https://live.staticflickr.com/4066/4474083861_db88ea8e71_c.jpg
7262159698_92752372a4_c.jpg,https://live.staticflickr.com/7242/7262159698_92752372a4_c.jpg
3014053196_795b470a63_c.jpg,https://live.staticflickr.com/3172/3014053196_795b470a63_c.jpg
3605876823_a80f8b5972_c.jpg,https://live.staticflickr.com/3661/3605876823_a80f8b5972_c.jpg
6937699679_6e7f20c9dd_c.jpg,https://live.staticflickr.com/7038/6937699679_6e7f20c9dd_c.jpg
4345119160_e007fc1daf_c.jpg,https://live.staticflickr.com/4002/4345119160_e007fc1daf_c.jpg
5600276321_37886c2351_c.jpg,https://live.staticflickr.com/5267/5600276321_37886c2351_c.jpg
6776584877_515e2233bd_c.jpg,https://live.staticflickr.com/7017/6776584877_515e2233bd_c.jpg
18025690708_fc9a11d548_c.jpg,https://live.staticflickr.com/7791/18025690708_fc9a11d548_c.jpg
6729135933_01b30d49d8_c.jpg,https://live.staticflickr.com/7160/6729135933_01b30d49d8_c.jpg
2607318594_587ea18900_c.jpg,https://live.staticflickr.com/3287/2607318594_587ea18900_c.jpg
5799464965_47396f5757_c.jpg,https://live.staticflickr.com/5032/5799464965_47396f5757_c.jpg
1226812961_40d91c5e6b_c.jpg,https://live.staticflickr.com/1246/1226812961_40d91c5e6b_c.jpg
10921855684_e6e544930c_c.jpg,https://live.staticflickr.com/5487/10921855684_e6e544930c_c.jpg
3914944436_8f2a3a8679_c.jpg,https://live.staticflickr.com/2674/3914944436_8f2a3a8679_c.jpg
9044910588_da0a18058a_c.jpg,https://live.staticflickr.com/3685/9044910588_da0a18058a_c.jpg
3890052524_2e7931329a_c.jpg,https://live.staticflickr.com/2459/3890052524_2e7931329a_c.jpg
7977990471_485298c72b_c.jpg,https://live.staticflickr.com/8182/7977990471_485298c72b_c.jpg
5371438824_542f7f5c87_c.jpg,https://live.staticflickr.com/5046/5371438824_542f7f5c87_c.jpg
8056061896_b2ebc43358_c.jpg,https://live.staticflickr.com/8313/8056061896_b2ebc43358_c.jpg
7638365334_6597546930_c.jpg,https://live.staticflickr.com/7139/7638365334_6597546930_c.jpg
5629331659_15d127c21b_c.jpg,https://live.staticflickr.com/5224/5629331659_15d127c21b_c.jpg
3559088814_8549683523_c.jpg,https://live.staticflickr.com/3365/3559088814_8549683523_c.jpg
5984645161_73f88e5906_c.jpg,https://live.staticflickr.com/6018/5984645161_73f88e5906_c.jpg
2568340107_620065a5a8_c.jpg,https://live.staticflickr.com/3259/2568340107_620065a5a8_c.jpg
7964860614_4afc12a0e7_c.jpg,https://live.staticflickr.com/8181/7964860614_4afc12a0e7_c.jpg
5485888598_610aaa4fec_c.jpg,https://live.staticflickr.com/5180/5485888598_610aaa4fec_c.jpg
8368396580_e8b54a691b_c.jpg,https://live.staticflickr.com/8371/8368396580_e8b54a691b_c.jpg
37035746120_6be1ca40d0_c.jpg,https://live.staticflickr.com/65535/37035746120_6be1ca40d0_c.jpg
4315686979_0295355fcf_c.jpg,https://live.staticflickr.com/2690/4315686979_0295355fcf_c.jpg
14015580989_1bef264272_c.jpg,https://live.staticflickr.com/2925/14015580989_1bef264272_c.jpg
8539720962_1d4264618a_c.jpg,https://live.staticflickr.com/8099/8539720962_1d4264618a_c.jpg
6209990444_9197267ed6_c.jpg,https://live.staticflickr.com/6070/6209990444_9197267ed6_c.jpg
5320526349_45e3cbbd06_c.jpg,https://live.staticflickr.com/5162/5320526349_45e3cbbd06_c.jpg
6900321414_4e685cbee3_c.jpg,https://live.staticflickr.com/7240/6900321414_4e685cbee3_c.jpg
6213466929_b5d30c55a0_c.jpg,https://live.staticflickr.com/6019/6213466929_b5d30c55a0_c.jpg
127983745_24a5303cc1_c.jpg,https://live.staticflickr.com/56/127983745_24a5303cc1_c.jpg
11446238633_903546f6f2_c.jpg,https://live.staticflickr.com/5488/11446238633_903546f6f2_c.jpg
2938160117_0e8d8ec5cd_c.jpg,https://live.staticflickr.com/3017/2938160117_0e8d8ec5cd_c.jpg
3274795150_6a5691b8d8_c.jpg,https://live.staticflickr.com/3399/3274795150_6a5691b8d8_c.jpg
146461282_fec5e91344_c.jpg,https://live.staticflickr.com/44/146461282_fec5e91344_c.jpg
63364227_81e8b697a5_c.jpg,https://live.staticflickr.com/25/63364227_81e8b697a5_c.jpg
11631190874_6870cda995_c.jpg,https://live.staticflickr.com/3819/11631190874_6870cda995_c.jpg
9716765167_125be55743_c.jpg,https://live.staticflickr.com/5540/9716765167_125be55743_c.jpg
32591905425_bd95669b91_c.jpg,https://live.staticflickr.com/776/32591905425_bd95669b91_c.jpg
3252690879_8d871d0b4e_c.jpg,https://live.staticflickr.com/3479/3252690879_8d871d0b4e_c.jpg
5297469546_6c4ca4ba8e_c.jpg,https://live.staticflickr.com/5084/5297469546_6c4ca4ba8e_c.jpg
3115785857_5b5a39562f_c.jpg,https://live.staticflickr.com/3114/3115785857_5b5a39562f_c.jpg
6203095377_9b12c66ef5_c.jpg,https://live.staticflickr.com/6180/6203095377_9b12c66ef5_c.jpg
2247375376_6b8fd1cfc0_c.jpg,https://live.staticflickr.com/2342/2247375376_6b8fd1cfc0_c.jpg
4645116558_9a06a2bde7_c.jpg,https://live.staticflickr.com/4025/4645116558_9a06a2bde7_c.jpg
2141174517_9d6534153b_c.jpg,https://live.staticflickr.com/2245/2141174517_9d6534153b_c.jpg
5586960814_863279e145_c.jpg,https://live.staticflickr.com/5096/5586960814_863279e145_c.jpg
7580006214_2921ee0100_c.jpg,https://live.staticflickr.com/8001/7580006214_2921ee0100_c.jpg
2101071192_a53ce3d3e9_c.jpg,https://live.staticflickr.com/2334/2101071192_a53ce3d3e9_c.jpg
3397004360_35bd448ea0_c.jpg,https://live.staticflickr.com/3637/3397004360_35bd448ea0_c.jpg
24164746912_8a2b0f7820_c.jpg,https://live.staticflickr.com/1486/24164746912_8a2b0f7820_c.jpg
4071462153_cee0e983fe_c.jpg,https://live.staticflickr.com/2483/4071462153_cee0e983fe_c.jpg
2501465316_4ca914cb48_c.jpg,https://live.staticflickr.com/2407/2501465316_4ca914cb48_c.jpg
24506377191_d3c49cc3ca_c.jpg,https://live.staticflickr.com/1527/24506377191_d3c49cc3ca_c.jpg
29086918644_72615807a7_c.jpg,https://live.staticflickr.com/8167/29086918644_72615807a7_c.jpg
31047046915_3cc19ec92e_c.jpg,https://live.staticflickr.com/5683/31047046915_3cc19ec92e_c.jpg
6072796412_5f1034f2b6_c.jpg,https://live.staticflickr.com/6181/6072796412_5f1034f2b6_c.jpg
437986742_c163201de2_c.jpg,https://live.staticflickr.com/145/437986742_c163201de2_c.jpg
6173577691_47c98f84c6_c.jpg,https://live.staticflickr.com/6170/6173577691_47c98f84c6_c.jpg
3746219417_753b3f8682_c.jpg,https://live.staticflickr.com/2634/3746219417_753b3f8682_c.jpg
2598063322_9472528c6d_c.jpg,https://live.staticflickr.com/3268/2598063322_9472528c6d_c.jpg
1316023900_a647b2b686_c.jpg,https://live.staticflickr.com/1379/1316023900_a647b2b686_c.jpg
6847315988_5cb683775f_c.jpg,https://live.staticflickr.com/7204/6847315988_5cb683775f_c.jpg
6220539044_a2a5db262f_c.jpg,https://live.staticflickr.com/6035/6220539044_a2a5db262f_c.jpg
4883046933_e592c48b3a_c.jpg,https://live.staticflickr.com/4093/4883046933_e592c48b3a_c.jpg
5468914595_24b8ca520d_c.jpg,https://live.staticflickr.com/5053/5468914595_24b8ca520d_c.jpg
6112351927_13868afbfa_c.jpg,https://live.staticflickr.com/6199/6112351927_13868afbfa_c.jpg
10013040674_cd1ef8ef0c_c.jpg,https://live.staticflickr.com/2872/10013040674_cd1ef8ef0c_c.jpg
6949651072_0f64b32e81_c.jpg,https://live.staticflickr.com/7062/6949651072_0f64b32e81_c.jpg
6616335871_1dde8ecb89_c.jpg,https://live.staticflickr.com/7027/6616335871_1dde8ecb89_c.jpg
7145754409_9afa119999_c.jpg,https://live.staticflickr.com/8022/7145754409_9afa119999_c.jpg
3003596793_81ea1d8817_c.jpg,https://live.staticflickr.com/3230/3003596793_81ea1d8817_c.jpg
6662358749_b2edec89f7_c.jpg,https://live.staticflickr.com/7016/6662358749_b2edec89f7_c.jpg
1398705983_3fc2cfa04f_c.jpg,https://live.staticflickr.com/1121/1398705983_3fc2cfa04f_c.jpg
5219882423_1f6e4d9a67_c.jpg,https://live.staticflickr.com/5009/5219882423_1f6e4d9a67_c.jpg
2909530_ab4fb98e4a_c.jpg,https://live.staticflickr.com/2/2909530_ab4fb98e4a_c.jpg
16262997168_64d8f42506_c.jpg,https://live.staticflickr.com/8581/16262997168_64d8f42506_c.jpg
3201408924_3008ea80a2_c.jpg,https://live.staticflickr.com/3355/3201408924_3008ea80a2_c.jpg
5214623510_f1c018388e_c.jpg,https://live.staticflickr.com/4113/5214623510_f1c018388e_c.jpg
30774663146_673f638b29_c.jpg,https://live.staticflickr.com/5621/30774663146_673f638b29_c.jpg
9051699136_30fdb058db_c.jpg,https://live.staticflickr.com/7399/9051699136_30fdb058db_c.jpg
2286495290_7ce7157af7_c.jpg,https://live.staticflickr.com/2256/2286495290_7ce7157af7_c.jpg
14740584539_a96c8ffdcf_c.jpg,https://live.staticflickr.com/5592/14740584539_a96c8ffdcf_c.jpg
4298884826_7fd01c1fe6_c.jpg,https://live.staticflickr.com/2796/4298884826_7fd01c1fe6_c.jpg
3110005502_a0b54707d4_c.jpg,https://live.staticflickr.com/3023/3110005502_a0b54707d4_c.jpg
3899088646_cd940627df_c.jpg,https://live.staticflickr.com/2602/3899088646_cd940627df_c.jpg
2945093099_cd208eda36_c.jpg,https://live.staticflickr.com/3160/2945093099_cd208eda36_c.jpg
22935887179_e21d727514_c.jpg,https://live.staticflickr.com/771/22935887179_e21d727514_c.jpg
5403733285_e8b90a62b0_c.jpg,https://live.staticflickr.com/5055/5403733285_e8b90a62b0_c.jpg
4266068810_297d0634f1_c.jpg,https://live.staticflickr.com/2773/4266068810_297d0634f1_c.jpg
6043301394_88002a23b5_c.jpg,https://live.staticflickr.com/6085/6043301394_88002a23b5_c.jpg
6295277961_17d7d2f40c_c.jpg,https://live.staticflickr.com/6035/6295277961_17d7d2f40c_c.jpg
3386640061_bf67a424af_c.jpg,https://live.staticflickr.com/3575/3386640061_bf67a424af_c.jpg
5538699311_a009966525_c.jpg,https://live.staticflickr.com/5299/5538699311_a009966525_c.jpg
5232012517_c56a3aabc0_c.jpg,https://live.staticflickr.com/5042/5232012517_c56a3aabc0_c.jpg
7706743064_4a16336ed2_c.jpg,https://live.staticflickr.com/8005/7706743064_4a16336ed2_c.jpg
5564236258_d56fdd4756_c.jpg,https://live.staticflickr.com/5051/5564236258_d56fdd4756_c.jpg
6224384260_6d6598b0fa_c.jpg,https://live.staticflickr.com/6215/6224384260_6d6598b0fa_c.jpg
4023679091_36a075458a_c.jpg,https://live.staticflickr.com/2434/4023679091_36a075458a_c.jpg
8103815505_a1e661b3ae_c.jpg,https://live.staticflickr.com/8465/8103815505_a1e661b3ae_c.jpg
3665184281_7644214bc8_c.jpg,https://live.staticflickr.com/2557/3665184281_7644214bc8_c.jpg
5643062681_ec4d3759d8_c.jpg,https://live.staticflickr.com/5221/5643062681_ec4d3759d8_c.jpg
14954936000_844f7d0a29_c.jpg,https://live.staticflickr.com/3869/14954936000_844f7d0a29_c.jpg
8053415564_84e6a9d729_c.jpg,https://live.staticflickr.com/8309/8053415564_84e6a9d729_c.jpg
2919265241_4f416e6ed2_c.jpg,https://live.staticflickr.com/3132/2919265241_4f416e6ed2_c.jpg
6289176983_109497c2e7_c.jpg,https://live.staticflickr.com/6228/6289176983_109497c2e7_c.jpg
4081344787_1c14fda0b8_c.jpg,https://live.staticflickr.com/3487/4081344787_1c14fda0b8_c.jpg
6307443021_c639a8d74b_c.jpg,https://live.staticflickr.com/6056/6307443021_c639a8d74b_c.jpg
7450488354_85eb8c6e0f_c.jpg,https://live.staticflickr.com/7106/7450488354_85eb8c6e0f_c.jpg
12428141994_a80c1df8d6_c.jpg,https://live.staticflickr.com/2835/12428141994_a80c1df8d6_c.jpg
5572472255_7abc6b4281_c.jpg,https://live.staticflickr.com/5224/5572472255_7abc6b4281_c.jpg
5707749945_17d1ee0f58_c.jpg,https://live.staticflickr.com/3092/5707749945_17d1ee0f58_c.jpg
2411581875_8ba634e15d_c.jpg,https://live.staticflickr.com/2407/2411581875_8ba634e15d_c.jpg
2881260835_e6cc07b6c3_c.jpg,https://live.staticflickr.com/3292/2881260835_e6cc07b6c3_c.jpg
13972658923_5d2809c2b1_c.jpg,https://live.staticflickr.com/7237/13972658923_5d2809c2b1_c.jpg
3910100383_b79e9ef209_c.jpg,https://live.staticflickr.com/2553/3910100383_b79e9ef209_c.jpg
108255193_b7ace936ca_c.jpg,https://live.staticflickr.com/41/108255193_b7ace936ca_c.jpg
7858899094_88582dc15d_c.jpg,https://live.staticflickr.com/8432/7858899094_88582dc15d_c.jpg
4909486570_3806e07f83_c.jpg,https://live.staticflickr.com/4102/4909486570_3806e07f83_c.jpg
4111165516_0b0d70aed0_c.jpg,https://live.staticflickr.com/2657/4111165516_0b0d70aed0_c.jpg
5044316468_a2ae0519cb_c.jpg,https://live.staticflickr.com/4092/5044316468_a2ae0519cb_c.jpg
6930241161_917cb9b3fa_c.jpg,https://live.staticflickr.com/7195/6930241161_917cb9b3fa_c.jpg
5708315312_8fca6f907c_c.jpg,https://live.staticflickr.com/2105/5708315312_8fca6f907c_c.jpg
2906579553_cd91b76118_c.jpg,https://live.staticflickr.com/3045/2906579553_cd91b76118_c.jpg
2386933783_64223d5058_c.jpg,https://live.staticflickr.com/3114/2386933783_64223d5058_c.jpg
6074308687_39bbd1e741_c.jpg,https://live.staticflickr.com/6062/6074308687_39bbd1e741_c.jpg
257892211_2887bea31c_c.jpg,https://live.staticflickr.com/104/257892211_2887bea31c_c.jpg
5544138069_a473a9bfc5_c.jpg,https://live.staticflickr.com/5252/5544138069_a473a9bfc5_c.jpg
2385919518_fef426bd05_c.jpg,https://live.staticflickr.com/2100/2385919518_fef426bd05_c.jpg
3370737157_e3c3025801_c.jpg,https://live.staticflickr.com/3563/3370737157_e3c3025801_c.jpg
5016007883_6499d3c32f_c.jpg,https://live.staticflickr.com/4092/5016007883_6499d3c32f_c.jpg
3999079975_5ea53057d3_c.jpg,https://live.staticflickr.com/3526/3999079975_5ea53057d3_c.jpg
9169505363_d2c8e11804_c.jpg,https://live.staticflickr.com/7350/9169505363_d2c8e11804_c.jpg
2545743973_fa21295d9e_c.jpg,https://live.staticflickr.com/3164/2545743973_fa21295d9e_c.jpg
7229304368_78e20ec206_c.jpg,https://live.staticflickr.com/5326/7229304368_78e20ec206_c.jpg
2054903948_e680f96388_c.jpg,https://live.staticflickr.com/2362/2054903948_e680f96388_c.jpg
3049027150_d7fb91a127_c.jpg,https://live.staticflickr.com/3008/3049027150_d7fb91a127_c.jpg
9044866131_bfe6322b86_c.jpg,https://live.staticflickr.com/5505/9044866131_bfe6322b86_c.jpg
2392711900_a20f4a82ce_c.jpg,https://live.staticflickr.com/2139/2392711900_a20f4a82ce_c.jpg
4375915721_3fe3ae85a6_c.jpg,https://live.staticflickr.com/2767/4375915721_3fe3ae85a6_c.jpg
4871575973_5619d8c688_c.jpg,https://live.staticflickr.com/4138/4871575973_5619d8c688_c.jpg
24125931326_db022ea8aa_c.jpg,https://live.staticflickr.com/5629/24125931326_db022ea8aa_c.jpg
7762374250_61f5072fb0_c.jpg,https://live.staticflickr.com/7273/7762374250_61f5072fb0_c.jpg
5229212308_1b2041be0f_c.jpg,https://live.staticflickr.com/5050/5229212308_1b2041be0f_c.jpg
8339741096_cf26e66d8b_c.jpg,https://live.staticflickr.com/8495/8339741096_cf26e66d8b_c.jpg
817321675_82182739dd_c.jpg,https://live.staticflickr.com/1076/817321675_82182739dd_c.jpg
5140265600_73c7c85ef3_c.jpg,https://live.staticflickr.com/1180/5140265600_73c7c85ef3_c.jpg
11803617285_c7b7185b52_c.jpg,https://live.staticflickr.com/5480/11803617285_c7b7185b52_c.jpg
7094107049_51d813e754_c.jpg,https://live.staticflickr.com/5338/7094107049_51d813e754_c.jpg
6293200301_d0ecef587b_c.jpg,https://live.staticflickr.com/6046/6293200301_d0ecef587b_c.jpg
292100119_281ad765be_c.jpg,https://live.staticflickr.com/116/292100119_281ad765be_c.jpg
5113896877_fa66807391_c.jpg,https://live.staticflickr.com/4003/5113896877_fa66807391_c.jpg
13853908873_5476b36042_c.jpg,https://live.staticflickr.com/7237/13853908873_5476b36042_c.jpg
5394626213_e15a68db81_c.jpg,https://live.staticflickr.com/5017/5394626213_e15a68db81_c.jpg
3525151381_62b5f7bab2_c.jpg,https://live.staticflickr.com/3541/3525151381_62b5f7bab2_c.jpg
6151032528_356de5c104_c.jpg,https://live.staticflickr.com/6157/6151032528_356de5c104_c.jpg
432251614_2adb0bb234_c.jpg,https://live.staticflickr.com/153/432251614_2adb0bb234_c.jpg
14232810253_2d4ecdc808_c.jpg,https://live.staticflickr.com/5114/14232810253_2d4ecdc808_c.jpg
3780823978_719f8ee0ee_c.jpg,https://live.staticflickr.com/3419/3780823978_719f8ee0ee_c.jpg
16640610339_5902204ca3_c.jpg,https://live.staticflickr.com/7651/16640610339_5902204ca3_c.jpg
3002400332_68e6559cc6_c.jpg,https://live.staticflickr.com/3142/3002400332_68e6559cc6_c.jpg
447449641_4faefc7791_c.jpg,https://live.staticflickr.com/246/447449641_4faefc7791_c.jpg
2003101546_a5f37ca70b_c.jpg,https://live.staticflickr.com/2213/2003101546_a5f37ca70b_c.jpg
2282325274_8afb3e4495_c.jpg,https://live.staticflickr.com/3093/2282325274_8afb3e4495_c.jpg
5608311819_e5fe299906_c.jpg,https://live.staticflickr.com/5262/5608311819_e5fe299906_c.jpg
3105944840_fda8e6cfb7_c.jpg,https://live.staticflickr.com/3183/3105944840_fda8e6cfb7_c.jpg
4066280807_3a96e06e46_c.jpg,https://live.staticflickr.com/2650/4066280807_3a96e06e46_c.jpg
3044525754_ba98e5bbda_c.jpg,https://live.staticflickr.com/3227/3044525754_ba98e5bbda_c.jpg
2578019999_242220415c_c.jpg,https://live.staticflickr.com/3019/2578019999_242220415c_c.jpg
3273917910_2d9dbaf63d_c.jpg,https://live.staticflickr.com/3447/3273917910_2d9dbaf63d_c.jpg
3413291427_5a844b9ded_c.jpg,https://live.staticflickr.com/3614/3413291427_5a844b9ded_c.jpg
13435439333_ab19bab0af_c.jpg,https://live.staticflickr.com/3688/13435439333_ab19bab0af_c.jpg
421330716_b7a922bde6_c.jpg,https://live.staticflickr.com/132/421330716_b7a922bde6_c.jpg
4525880309_0952627a78_c.jpg,https://live.staticflickr.com/4024/4525880309_0952627a78_c.jpg
24591388896_bb7bec70c1_c.jpg,https://live.staticflickr.com/1708/24591388896_bb7bec70c1_c.jpg
2142757824_25474bc58a_c.jpg,https://live.staticflickr.com/2066/2142757824_25474bc58a_c.jpg
6280652664_87b296fbf6_c.jpg,https://live.staticflickr.com/6036/6280652664_87b296fbf6_c.jpg
3393665405_7ca567b611_c.jpg,https://live.staticflickr.com/3476/3393665405_7ca567b611_c.jpg
2925731252_d460f45f96_c.jpg,https://live.staticflickr.com/3132/2925731252_d460f45f96_c.jpg
6149585210_331db40ccb_c.jpg,https://live.staticflickr.com/6174/6149585210_331db40ccb_c.jpg
54845556_fbda1ab57f_c.jpg,https://live.staticflickr.com/30/54845556_fbda1ab57f_c.jpg
3667847965_5fd9fcebf7_c.jpg,https://live.staticflickr.com/2453/3667847965_5fd9fcebf7_c.jpg
5777376950_122187e220_c.jpg,https://live.staticflickr.com/3568/5777376950_122187e220_c.jpg
10877979036_7513be6e85_c.jpg,https://live.staticflickr.com/7300/10877979036_7513be6e85_c.jpg
5809184383_648a16cd95_c.jpg,https://live.staticflickr.com/5266/5809184383_648a16cd95_c.jpg
4468485729_04bf62a04c_c.jpg,https://live.staticflickr.com/4009/4468485729_04bf62a04c_c.jpg
9262090815_f97eb66702_c.jpg,https://live.staticflickr.com/5500/9262090815_f97eb66702_c.jpg
5496695157_a25ea22cc5_c.jpg,https://live.staticflickr.com/5052/5496695157_a25ea22cc5_c.jpg
5394726976_24a6d97e60_c.jpg,https://live.staticflickr.com/5251/5394726976_24a6d97e60_c.jpg
4290219384_42ff65d7f0_c.jpg,https://live.staticflickr.com/2781/4290219384_42ff65d7f0_c.jpg
5066812299_a38817c94f_c.jpg,https://live.staticflickr.com/4150/5066812299_a38817c94f_c.jpg
16087883889_ec874495a0_c.jpg,https://live.staticflickr.com/7558/16087883889_ec874495a0_c.jpg
5219881125_a1037a5370_c.jpg,https://live.staticflickr.com/5163/5219881125_a1037a5370_c.jpg
11613344104_cf52304485_c.jpg,https://live.staticflickr.com/7360/11613344104_cf52304485_c.jpg
2593317394_262076f5c1_c.jpg,https://live.staticflickr.com/3197/2593317394_262076f5c1_c.jpg
8109220722_2959b9301c_c.jpg,https://live.staticflickr.com/8045/8109220722_2959b9301c_c.jpg
28971647935_a0423c7cc4_c.jpg,https://live.staticflickr.com/8701/28971647935_a0423c7cc4_c.jpg
484153144_7acf84382f_c.jpg,https://live.staticflickr.com/183/484153144_7acf84382f_c.jpg
4182793355_8f3abcba4c_c.jpg,https://live.staticflickr.com/4007/4182793355_8f3abcba4c_c.jpg
4122862873_182ef95cb4_c.jpg,https://live.staticflickr.com/2783/4122862873_182ef95cb4_c.jpg
3342565678_194f36478c_c.jpg,https://live.staticflickr.com/3647/3342565678_194f36478c_c.jpg
6891669953_5a5c4d3aeb_c.jpg,https://live.staticflickr.com/7178/6891669953_5a5c4d3aeb_c.jpg
146461287_d743223570_c.jpg,https://live.staticflickr.com/46/146461287_d743223570_c.jpg
6717047215_af7ddbc8a7_c.jpg,https://live.staticflickr.com/7022/6717047215_af7ddbc8a7_c.jpg
13472999323_0d2f564151_c.jpg,https://live.staticflickr.com/7232/13472999323_0d2f564151_c.jpg
1616425411_5c53fad824_c.jpg,https://live.staticflickr.com/2346/1616425411_5c53fad824_c.jpg
7002160371_b03e646fe9_c.jpg,https://live.staticflickr.com/7275/7002160371_b03e646fe9_c.jpg
1093859788_f6b8c9faaf_c.jpg,https://live.staticflickr.com/1145/1093859788_f6b8c9faaf_c.jpg
4186972464_68c39564db_c.jpg,https://live.staticflickr.com/4006/4186972464_68c39564db_c.jpg
1450900108_ec42ca928c_c.jpg,https://live.staticflickr.com/1420/1450900108_ec42ca928c_c.jpg
2992610745_9dc4eed92a_c.jpg,https://live.staticflickr.com/3277/2992610745_9dc4eed92a_c.jpg
2163153490_95b96e1247_c.jpg,https://live.staticflickr.com/2339/2163153490_95b96e1247_c.jpg
5892338974_f18b2d8753_c.jpg,https://live.staticflickr.com/6007/5892338974_f18b2d8753_c.jpg
63367468_2b7c7ab7b5_c.jpg,https://live.staticflickr.com/25/63367468_2b7c7ab7b5_c.jpg
2373084357_f9d3568a90_c.jpg,https://live.staticflickr.com/3021/2373084357_f9d3568a90_c.jpg
4548698209_c3a9ed8551_c.jpg,https://live.staticflickr.com/4034/4548698209_c3a9ed8551_c.jpg
308993734_11a2f8b523_c.jpg,https://live.staticflickr.com/121/308993734_11a2f8b523_c.jpg
10191094433_2ea15934f1_c.jpg,https://live.staticflickr.com/7408/10191094433_2ea15934f1_c.jpg
42741513840_da750e1ded_c.jpg,https://live.staticflickr.com/1891/42741513840_da750e1ded_c.jpg
8324592530_78be7a6f3d_c.jpg,https://live.staticflickr.com/8496/8324592530_78be7a6f3d_c.jpg
9670514354_04128a177e_c.jpg,https://live.staticflickr.com/5341/9670514354_04128a177e_c.jpg
7815582142_e4b8481a2b_c.jpg,https://live.staticflickr.com/8421/7815582142_e4b8481a2b_c.jpg
16634728159_e899e1b29b_c.jpg,https://live.staticflickr.com/8688/16634728159_e899e1b29b_c.jpg
2544221246_3a683a7a9c_c.jpg,https://live.staticflickr.com/3082/2544221246_3a683a7a9c_c.jpg
30423645485_afaa2966f3_c.jpg,https://live.staticflickr.com/8134/30423645485_afaa2966f3_c.jpg
2938140103_3232748506_c.jpg,https://live.staticflickr.com/3250/2938140103_3232748506_c.jpg
8784291634_cbfdffb40e_c.jpg,https://live.staticflickr.com/2868/8784291634_cbfdffb40e_c.jpg
488667857_942f6a7640_c.jpg,https://live.staticflickr.com/190/488667857_942f6a7640_c.jpg
8121453614_54faa57d44_c.jpg,https://live.staticflickr.com/8472/8121453614_54faa57d44_c.jpg
6155832059_d1e9a603ab_c.jpg,https://live.staticflickr.com/6189/6155832059_d1e9a603ab_c.jpg
77394573_add37a9625_c.jpg,https://live.staticflickr.com/37/77394573_add37a9625_c.jpg
8191860902_8ab6f31c80_c.jpg,https://live.staticflickr.com/8200/8191860902_8ab6f31c80_c.jpg
4360636500_d782ea3bd8_c.jpg,https://live.staticflickr.com/2724/4360636500_d782ea3bd8_c.jpg
3248001332_099ce4821f_c.jpg,https://live.staticflickr.com/3102/3248001332_099ce4821f_c.jpg
21917095005_16a06fdfac_c.jpg,https://live.staticflickr.com/625/21917095005_16a06fdfac_c.jpg
21685518201_947d50f3af_c.jpg,https://live.staticflickr.com/584/21685518201_947d50f3af_c.jpg
2506013975_2287d07800_c.jpg,https://live.staticflickr.com/2200/2506013975_2287d07800_c.jpg
2598062322_ff7e15e3d5_c.jpg,https://live.staticflickr.com/3071/2598062322_ff7e15e3d5_c.jpg
14889695918_c193ec5b45_c.jpg,https://live.staticflickr.com/5595/14889695918_c193ec5b45_c.jpg
3014054730_5da556d2ac_c.jpg,https://live.staticflickr.com/3155/3014054730_5da556d2ac_c.jpg
4144570455_1e8f468b99_c.jpg,https://live.staticflickr.com/2757/4144570455_1e8f468b99_c.jpg
6257906091_5168c6fd3a_c.jpg,https://live.staticflickr.com/6106/6257906091_5168c6fd3a_c.jpg
1959301939_0d1ce5271f_c.jpg,https://live.staticflickr.com/2102/1959301939_0d1ce5271f_c.jpg
2967742563_302f98f732_c.jpg,https://live.staticflickr.com/3286/2967742563_302f98f732_c.jpg
2861147556_28485d9c20_c.jpg,https://live.staticflickr.com/3190/2861147556_28485d9c20_c.jpg
5042483035_94ac41e867_c.jpg,https://live.staticflickr.com/4130/5042483035_94ac41e867_c.jpg
36660648723_534c421f85_c.jpg,https://live.staticflickr.com/4486/36660648723_534c421f85_c.jpg
7995180335_227419d3f0_c.jpg,https://live.staticflickr.com/8438/7995180335_227419d3f0_c.jpg
4299516416_c2bd13c53c_c.jpg,https://live.staticflickr.com/4007/4299516416_c2bd13c53c_c.jpg
15667947529_3bf423575a_c.jpg,https://live.staticflickr.com/7510/15667947529_3bf423575a_c.jpg
13505155565_5b1b00fa05_c.jpg,https://live.staticflickr.com/5349/13505155565_5b1b00fa05_c.jpg
6737802605_b0f03925bf_c.jpg,https://live.staticflickr.com/7019/6737802605_b0f03925bf_c.jpg
6475383231_c50dda8aff_c.jpg,https://live.staticflickr.com/7167/6475383231_c50dda8aff_c.jpg
3615976438_e6be5c16d0_c.jpg,https://live.staticflickr.com/3388/3615976438_e6be5c16d0_c.jpg
30645514222_0b3e82b313_c.jpg,https://live.staticflickr.com/5783/30645514222_0b3e82b313_c.jpg
30912657815_b45fe07887_c.jpg,https://live.staticflickr.com/5629/30912657815_b45fe07887_c.jpg
6904264699_d6c43a7a55_c.jpg,https://live.staticflickr.com/7041/6904264699_d6c43a7a55_c.jpg
12085537636_5484f37270_c.jpg,https://live.staticflickr.com/5487/12085537636_5484f37270_c.jpg
3858387207_2be4102e7d_c.jpg,https://live.staticflickr.com/3264/3858387207_2be4102e7d_c.jpg
3184011795_f208b9f0a6_c.jpg,https://live.staticflickr.com/3521/3184011795_f208b9f0a6_c.jpg
3217835791_aa9995e427_c.jpg,https://live.staticflickr.com/3427/3217835791_aa9995e427_c.jpg
25807372654_a71e48382a_c.jpg,https://live.staticflickr.com/1631/25807372654_a71e48382a_c.jpg
344647865_8bd0a4c1a1_c.jpg,https://live.staticflickr.com/155/344647865_8bd0a4c1a1_c.jpg
3000998016_506e16ed37_c.jpg,https://live.staticflickr.com/3293/3000998016_506e16ed37_c.jpg
5118609983_64ec9f86b0_c.jpg,https://live.staticflickr.com/1140/5118609983_64ec9f86b0_c.jpg
2420802468_7f677237f0_c.jpg,https://live.staticflickr.com/2155/2420802468_7f677237f0_c.jpg
3479243050_d79c4cac38_c.jpg,https://live.staticflickr.com/3325/3479243050_d79c4cac38_c.jpg
2920316176_f70436f818_c.jpg,https://live.staticflickr.com/3057/2920316176_f70436f818_c.jpg
4960854178_fddb8469e0_c.jpg,https://live.staticflickr.com/4086/4960854178_fddb8469e0_c.jpg
577704677_262e12dcc2_c.jpg,https://live.staticflickr.com/1253/577704677_262e12dcc2_c.jpg
24069140482_693c7de8d2_c.jpg,https://live.staticflickr.com/1602/24069140482_693c7de8d2_c.jpg
2862243200_741da7f719_c.jpg,https://live.staticflickr.com/3099/2862243200_741da7f719_c.jpg
22888372220_04be459370_c.jpg,https://live.staticflickr.com/5834/22888372220_04be459370_c.jpg
2546440372_eb9f36eb61_c.jpg,https://live.staticflickr.com/3027/2546440372_eb9f36eb61_c.jpg
4309283240_682b00ba5f_c.jpg,https://live.staticflickr.com/4005/4309283240_682b00ba5f_c.jpg
375424180_d21f6b727f_c.jpg,https://live.staticflickr.com/133/375424180_d21f6b727f_c.jpg
45474071642_87e313c305_c.jpg,https://live.staticflickr.com/1941/45474071642_87e313c305_c.jpg
2337528397_a4705f7d4f_c.jpg,https://live.staticflickr.com/3162/2337528397_a4705f7d4f_c.jpg
4823661330_55d7af3c37_c.jpg,https://live.staticflickr.com/4099/4823661330_55d7af3c37_c.jpg
5896837979_0d1395470e_c.jpg,https://live.staticflickr.com/6005/5896837979_0d1395470e_c.jpg
55973817_a09e775120_c.jpg,https://live.staticflickr.com/32/55973817_a09e775120_c.jpg
5918161839_784e584a64_c.jpg,https://live.staticflickr.com/6124/5918161839_784e584a64_c.jpg
520421396_43f67873e0_c.jpg,https://live.staticflickr.com/199/520421396_43f67873e0_c.jpg
16464152220_510fa5f10a_c.jpg,https://live.staticflickr.com/8682/16464152220_510fa5f10a_c.jpg
6240316454_20794f0e42_c.jpg,https://live.staticflickr.com/6053/6240316454_20794f0e42_c.jpg
3488704475_a6192a35da_c.jpg,https://live.staticflickr.com/3404/3488704475_a6192a35da_c.jpg
2704238362_4b945eb966_c.jpg,https://live.staticflickr.com/3023/2704238362_4b945eb966_c.jpg
3360185379_0df2074571_c.jpg,https://live.staticflickr.com/3657/3360185379_0df2074571_c.jpg
18217541_b00ec10a5b_c.jpg,https://live.staticflickr.com/13/18217541_b00ec10a5b_c.jpg
4268993830_6f31caf889_c.jpg,https://live.staticflickr.com/2508/4268993830_6f31caf889_c.jpg
245986248_b2d6e611d9_c.jpg,https://live.staticflickr.com/94/245986248_b2d6e611d9_c.jpg
3252180562_3ba9eaf1d3_c.jpg,https://live.staticflickr.com/3446/3252180562_3ba9eaf1d3_c.jpg
8339749340_e2df8c42bd_c.jpg,https://live.staticflickr.com/8214/8339749340_e2df8c42bd_c.jpg
31513023578_6b2437938d_c.jpg,https://live.staticflickr.com/1935/31513023578_6b2437938d_c.jpg
16366774119_853cbbd676_c.jpg,https://live.staticflickr.com/7347/16366774119_853cbbd676_c.jpg
20425902632_2f0f996acb_c.jpg,https://live.staticflickr.com/444/20425902632_2f0f996acb_c.jpg
8071103841_9a82ce9552_c.jpg,https://live.staticflickr.com/8455/8071103841_9a82ce9552_c.jpg
3803154016_d0c74f44c1_c.jpg,https://live.staticflickr.com/3151/3803154016_d0c74f44c1_c.jpg
2310496553_7176ddd6d1_c.jpg,https://live.staticflickr.com/3183/2310496553_7176ddd6d1_c.jpg
31244342360_62ea78bd8d_c.jpg,https://live.staticflickr.com/148/31244342360_62ea78bd8d_c.jpg
3028111305_0896021d3f_c.jpg,https://live.staticflickr.com/3250/3028111305_0896021d3f_c.jpg
3960794702_602c80139a_c.jpg,https://live.staticflickr.com/3490/3960794702_602c80139a_c.jpg
10672491494_105ca975b5_c.jpg,https://live.staticflickr.com/5490/10672491494_105ca975b5_c.jpg
1818302534_873443535e_c.jpg,https://live.staticflickr.com/2060/1818302534_873443535e_c.jpg
37239740141_ac74815161_c.jpg,https://live.staticflickr.com/4407/37239740141_ac74815161_c.jpg
3835574382_f2162fc4cb_c.jpg,https://live.staticflickr.com/3529/3835574382_f2162fc4cb_c.jpg
7104645843_1c00fda812_c.jpg,https://live.staticflickr.com/7080/7104645843_1c00fda812_c.jpg
509436005_9ec292a0a2_c.jpg,https://live.staticflickr.com/219/509436005_9ec292a0a2_c.jpg
3483155574_7e3468c2b8_c.jpg,https://live.staticflickr.com/3409/3483155574_7e3468c2b8_c.jpg
5175442096_5205f2e065_c.jpg,https://live.staticflickr.com/4144/5175442096_5205f2e065_c.jpg
24907065599_e200eb6e83_c.jpg,https://live.staticflickr.com/1683/24907065599_e200eb6e83_c.jpg
4202776998_9af8eb3211_c.jpg,https://live.staticflickr.com/2639/4202776998_9af8eb3211_c.jpg
5556083025_1757917411_c.jpg,https://live.staticflickr.com/5296/5556083025_1757917411_c.jpg
2918496341_323b33f309_c.jpg,https://live.staticflickr.com/3154/2918496341_323b33f309_c.jpg
14229998957_54baaf37d6_c.jpg,https://live.staticflickr.com/3864/14229998957_54baaf37d6_c.jpg
9034521556_e2c40cfa2c_c.jpg,https://live.staticflickr.com/5454/9034521556_e2c40cfa2c_c.jpg
29916932871_05f6a79c06_c.jpg,https://live.staticflickr.com/5227/29916932871_05f6a79c06_c.jpg
3497012914_f89db5a7d9_c.jpg,https://live.staticflickr.com/3663/3497012914_f89db5a7d9_c.jpg
128785596_58309801f5_c.jpg,https://live.staticflickr.com/48/128785596_58309801f5_c.jpg
5973822039_65db24ab08_c.jpg,https://live.staticflickr.com/6145/5973822039_65db24ab08_c.jpg
4523260165_51fe1ecff6_c.jpg,https://live.staticflickr.com/4012/4523260165_51fe1ecff6_c.jpg
2851630836_6ac316e58d_c.jpg,https://live.staticflickr.com/3120/2851630836_6ac316e58d_c.jpg
21254320013_5aed5fffe4_c.jpg,https://live.staticflickr.com/737/21254320013_5aed5fffe4_c.jpg
12195237913_0825738f7b_c.jpg,https://live.staticflickr.com/7436/12195237913_0825738f7b_c.jpg
7097377955_83c2055ba2_c.jpg,https://live.staticflickr.com/7056/7097377955_83c2055ba2_c.jpg
4578725015_744bd41618_c.jpg,https://live.staticflickr.com/4019/4578725015_744bd41618_c.jpg
565943991_212b785da0_c.jpg,https://live.staticflickr.com/1294/565943991_212b785da0_c.jpg
38570411590_6b1f6daa92_c.jpg,https://live.staticflickr.com/4769/38570411590_6b1f6daa92_c.jpg
26767184952_b363846d64_c.jpg,https://live.staticflickr.com/7717/26767184952_b363846d64_c.jpg
31025083822_fccb73c049_c.jpg,https://live.staticflickr.com/5560/31025083822_fccb73c049_c.jpg
26860683255_8478baa0eb_c.jpg,https://live.staticflickr.com/7511/26860683255_8478baa0eb_c.jpg
2374101106_6c8c7b8cf8_c.jpg,https://live.staticflickr.com/3241/2374101106_6c8c7b8cf8_c.jpg
10590250636_af807e9552_c.jpg,https://live.staticflickr.com/3826/10590250636_af807e9552_c.jpg
415917305_43afdb3499_c.jpg,https://live.staticflickr.com/187/415917305_43afdb3499_c.jpg
6102952812_00a88b54a0_c.jpg,https://live.staticflickr.com/6068/6102952812_00a88b54a0_c.jpg
403686679_01587b02f3_c.jpg,https://live.staticflickr.com/143/403686679_01587b02f3_c.jpg
44947993062_0f1c36958a_c.jpg,https://live.staticflickr.com/1973/44947993062_0f1c36958a_c.jpg
100173845_0c36616864_c.jpg,https://live.staticflickr.com/26/100173845_0c36616864_c.jpg
364662773_a826f03ee2_c.jpg,https://live.staticflickr.com/124/364662773_a826f03ee2_c.jpg
14472211073_aa5c196caa_c.jpg,https://live.staticflickr.com/5586/14472211073_aa5c196caa_c.jpg
6177390717_441ecc02a5_c.jpg,https://live.staticflickr.com/6154/6177390717_441ecc02a5_c.jpg
15466155661_c6ef857206_c.jpg,https://live.staticflickr.com/5601/15466155661_c6ef857206_c.jpg
5556083017_68bea850d7_c.jpg,https://live.staticflickr.com/5021/5556083017_68bea850d7_c.jpg
16553031695_def3fd5bf9_c.jpg,https://live.staticflickr.com/7346/16553031695_def3fd5bf9_c.jpg
40086872253_b6a2a9360f_c.jpg,https://live.staticflickr.com/7814/40086872253_b6a2a9360f_c.jpg
8021990932_16ccea93b1_c.jpg,https://live.staticflickr.com/8172/8021990932_16ccea93b1_c.jpg
15268203707_462ba793e3_c.jpg,https://live.staticflickr.com/2941/15268203707_462ba793e3_c.jpg
25099547414_f132a86393_c.jpg,https://live.staticflickr.com/1532/25099547414_f132a86393_c.jpg
12113112863_e67b1ec7ab_c.jpg,https://live.staticflickr.com/7460/12113112863_e67b1ec7ab_c.jpg
8104852184_d3980ec3f8_c.jpg,https://live.staticflickr.com/8051/8104852184_d3980ec3f8_c.jpg
360068326_a481d1de6f_c.jpg,https://live.staticflickr.com/145/360068326_a481d1de6f_c.jpg
16293922138_01cf5f110b_c.jpg,https://live.staticflickr.com/7445/16293922138_01cf5f110b_c.jpg
2987099837_3c05b348e2_c.jpg,https://live.staticflickr.com/3153/2987099837_3c05b348e2_c.jpg
83208188_9068840627_c.jpg,https://live.staticflickr.com/39/83208188_9068840627_c.jpg
11267971076_a6d1e3117d_c.jpg,https://live.staticflickr.com/5520/11267971076_a6d1e3117d_c.jpg
309908105_537bfeef28_c.jpg,https://live.staticflickr.com/107/309908105_537bfeef28_c.jpg
6336114541_22895fe00b_c.jpg,https://live.staticflickr.com/6044/6336114541_22895fe00b_c.jpg
2911127653_7c9131a2a4_c.jpg,https://live.staticflickr.com/3223/2911127653_7c9131a2a4_c.jpg
6862526466_5f14ee4896_c.jpg,https://live.staticflickr.com/7222/6862526466_5f14ee4896_c.jpg
89702191_39e385a33e_c.jpg,https://live.staticflickr.com/11/89702191_39e385a33e_c.jpg
5106078349_7c285871aa_c.jpg,https://live.staticflickr.com/1136/5106078349_7c285871aa_c.jpg
5809470485_085229bfec_c.jpg,https://live.staticflickr.com/3174/5809470485_085229bfec_c.jpg
27298882875_21bfc4cc17_c.jpg,https://live.staticflickr.com/7680/27298882875_21bfc4cc17_c.jpg
15883393772_5a6d762c16_c.jpg,https://live.staticflickr.com/7553/15883393772_5a6d762c16_c.jpg
3759303655_41dd204a7f_c.jpg,https://live.staticflickr.com/2584/3759303655_41dd204a7f_c.jpg
15184913648_5a37945a6a_c.jpg,https://live.staticflickr.com/3919/15184913648_5a37945a6a_c.jpg
15679438277_e1738b368a_c.jpg,https://live.staticflickr.com/8577/15679438277_e1738b368a_c.jpg
16711818042_eecb89fbb7_c.jpg,https://live.staticflickr.com/8662/16711818042_eecb89fbb7_c.jpg
14086869112_28c8aef2f3_c.jpg,https://live.staticflickr.com/7296/14086869112_28c8aef2f3_c.jpg
47520725022_cdbe87b87a_c.jpg,https://live.staticflickr.com/7920/47520725022_cdbe87b87a_c.jpg
157578966_86c3d55ca9_c.jpg,https://live.staticflickr.com/66/157578966_86c3d55ca9_c.jpg
279640241_e6b5db4e38_c.jpg,https://live.staticflickr.com/101/279640241_e6b5db4e38_c.jpg
2234191821_59fda7141f_c.jpg,https://live.staticflickr.com/2310/2234191821_59fda7141f_c.jpg
4302500188_1c15c400f5_c.jpg,https://live.staticflickr.com/4009/4302500188_1c15c400f5_c.jpg
6028733058_f6dd9d0909_c.jpg,https://live.staticflickr.com/6205/6028733058_f6dd9d0909_c.jpg
2185836099_cbab792691_c.jpg,https://live.staticflickr.com/2190/2185836099_cbab792691_c.jpg
4047866760_fcc659479c_c.jpg,https://live.staticflickr.com/2571/4047866760_fcc659479c_c.jpg
8697739199_563dac22bd_c.jpg,https://live.staticflickr.com/8405/8697739199_563dac22bd_c.jpg
4854314537_b85fe5b8fb_c.jpg,https://live.staticflickr.com/4080/4854314537_b85fe5b8fb_c.jpg
48597016_58901275a4_c.jpg,https://live.staticflickr.com/29/48597016_58901275a4_c.jpg
280719659_67c2875365_c.jpg,https://live.staticflickr.com/83/280719659_67c2875365_c.jpg
5940979758_c013571bbd_c.jpg,https://live.staticflickr.com/6148/5940979758_c013571bbd_c.jpg
8407419951_d007c9d511_c.jpg,https://live.staticflickr.com/8082/8407419951_d007c9d511_c.jpg
11464320135_9c0a1c71a2_c.jpg,https://live.staticflickr.com/2838/11464320135_9c0a1c71a2_c.jpg
4568264763_6879f48079_c.jpg,https://live.staticflickr.com/4022/4568264763_6879f48079_c.jpg
22860280687_e4ed0f0524_c.jpg,https://live.staticflickr.com/5835/22860280687_e4ed0f0524_c.jpg
76775105_80e3948ad0_c.jpg,https://live.staticflickr.com/6/76775105_80e3948ad0_c.jpg
6225760225_da1af1c232_c.jpg,https://live.staticflickr.com/6054/6225760225_da1af1c232_c.jpg
5118096429_ac6c994a84_c.jpg,https://live.staticflickr.com/1422/5118096429_ac6c994a84_c.jpg
23811255914_2ab9b7cbe9_c.jpg,https://live.staticflickr.com/1635/23811255914_2ab9b7cbe9_c.jpg
4003586587_acc019274e_c.jpg,https://live.staticflickr.com/3453/4003586587_acc019274e_c.jpg
4050280487_9fd5bae496_c.jpg,https://live.staticflickr.com/2649/4050280487_9fd5bae496_c.jpg
4024696550_f5d022f34b_c.jpg,https://live.staticflickr.com/2748/4024696550_f5d022f34b_c.jpg
2911124849_b0853650ff_c.jpg,https://live.staticflickr.com/3168/2911124849_b0853650ff_c.jpg
3360184257_779e4cc8b3_c.jpg,https://live.staticflickr.com/3636/3360184257_779e4cc8b3_c.jpg
8502464432_5104f40870_c.jpg,https://live.staticflickr.com/8371/8502464432_5104f40870_c.jpg
5785125659_fa3ddd7db9_c.jpg,https://live.staticflickr.com/5267/5785125659_fa3ddd7db9_c.jpg
5121908674_4a79b00877_c.jpg,https://live.staticflickr.com/1137/5121908674_4a79b00877_c.jpg
4509811275_da847f0cfb_c.jpg,https://live.staticflickr.com/2145/4509811275_da847f0cfb_c.jpg
3546269173_86bba6eec7_c.jpg,https://live.staticflickr.com/3137/3546269173_86bba6eec7_c.jpg
4137025438_7cd24e9356_c.jpg,https://live.staticflickr.com/2552/4137025438_7cd24e9356_c.jpg
6342598983_4ec39f253a_c.jpg,https://live.staticflickr.com/6058/6342598983_4ec39f253a_c.jpg
185921222_05b496dee5_c.jpg,https://live.staticflickr.com/53/185921222_05b496dee5_c.jpg
8018248744_ac8973e136_c.jpg,https://live.staticflickr.com/8450/8018248744_ac8973e136_c.jpg
13990618365_03d23c33e8_c.jpg,https://live.staticflickr.com/7037/13990618365_03d23c33e8_c.jpg
146461278_2d098bf632_c.jpg,https://live.staticflickr.com/53/146461278_2d098bf632_c.jpg
6353498493_78958c9002_c.jpg,https://live.staticflickr.com/6042/6353498493_78958c9002_c.jpg
12898106514_0a48e1ff62_c.jpg,https://live.staticflickr.com/7387/12898106514_0a48e1ff62_c.jpg
15080585634_b8e1c6c3a6_c.jpg,https://live.staticflickr.com/7537/15080585634_b8e1c6c3a6_c.jpg
7448391096_cbc21d20f9_c.jpg,https://live.staticflickr.com/7112/7448391096_cbc21d20f9_c.jpg
7411336690_418a049515_c.jpg,https://live.staticflickr.com/7132/7411336690_418a049515_c.jpg
23654215482_1de35bd8ee_c.jpg,https://live.staticflickr.com/577/23654215482_1de35bd8ee_c.jpg
2552305590_cb1b7a58fc_c.jpg,https://live.staticflickr.com/3278/2552305590_cb1b7a58fc_c.jpg
14110072663_2408967254_c.jpg,https://live.staticflickr.com/5463/14110072663_2408967254_c.jpg
8094473158_7a554c42e6_c.jpg,https://live.staticflickr.com/8192/8094473158_7a554c42e6_c.jpg
2884993594_5722cab068_c.jpg,https://live.staticflickr.com/2114/2884993594_5722cab068_c.jpg
10769620766_2c0ab4038f_c.jpg,https://live.staticflickr.com/5537/10769620766_2c0ab4038f_c.jpg
15237585685_c5266824ee_c.jpg,https://live.staticflickr.com/3916/15237585685_c5266824ee_c.jpg
8080515838_1d24403d07_c.jpg,https://live.staticflickr.com/8054/8080515838_1d24403d07_c.jpg
16897433759_bf8f5f8d0d_c.jpg,https://live.staticflickr.com/8686/16897433759_bf8f5f8d0d_c.jpg
8104838187_ce49148a83_c.jpg,https://live.staticflickr.com/8052/8104838187_ce49148a83_c.jpg
13518867064_b7a05716aa_c.jpg,https://live.staticflickr.com/3825/13518867064_b7a05716aa_c.jpg
16182924915_d777c2a769_c.jpg,https://live.staticflickr.com/7521/16182924915_d777c2a769_c.jpg
4568263315_b3f3035dd3_c.jpg,https://live.staticflickr.com/3386/4568263315_b3f3035dd3_c.jpg
2811314038_f3545cd0dd_c.jpg,https://live.staticflickr.com/3003/2811314038_f3545cd0dd_c.jpg
4302502962_d21c9de693_c.jpg,https://live.staticflickr.com/4042/4302502962_d21c9de693_c.jpg
5406003355_4d1d18a729_c.jpg,https://live.staticflickr.com/5220/5406003355_4d1d18a729_c.jpg
13615894314_496520542b_c.jpg,https://live.staticflickr.com/2927/13615894314_496520542b_c.jpg
10353252236_135429abcf_c.jpg,https://live.staticflickr.com/7345/10353252236_135429abcf_c.jpg
18025694618_cb2eaf0b25_c.jpg,https://live.staticflickr.com/7770/18025694618_cb2eaf0b25_c.jpg
8104837499_beb351e4db_c.jpg,https://live.staticflickr.com/8047/8104837499_beb351e4db_c.jpg
15670237060_7dee19c368_c.jpg,https://live.staticflickr.com/7480/15670237060_7dee19c368_c.jpg
6216384209_61ae77a65a_c.jpg,https://live.staticflickr.com/6115/6216384209_61ae77a65a_c.jpg
6267471625_0f76e005a8_c.jpg,https://live.staticflickr.com/6159/6267471625_0f76e005a8_c.jpg
24060381755_4d10bbda1e_c.jpg,https://live.staticflickr.com/5808/24060381755_4d10bbda1e_c.jpg
473461325_9d437e5475_c.jpg,https://live.staticflickr.com/224/473461325_9d437e5475_c.jpg
4102056109_9442d0246b_c.jpg,https://live.staticflickr.com/2750/4102056109_9442d0246b_c.jpg
14416440325_df4d0e6890_c.jpg,https://live.staticflickr.com/2920/14416440325_df4d0e6890_c.jpg
11443072793_fc388e3853_c.jpg,https://live.staticflickr.com/3679/11443072793_fc388e3853_c.jpg
9701464240_89bd88af5b_c.jpg,https://live.staticflickr.com/5492/9701464240_89bd88af5b_c.jpg
5215173831_8b6f476015_c.jpg,https://live.staticflickr.com/5046/5215173831_8b6f476015_c.jpg
6266873599_6b358a84e5_c.jpg,https://live.staticflickr.com/6115/6266873599_6b358a84e5_c.jpg
6374982917_883b5a38d4_c.jpg,https://live.staticflickr.com/6215/6374982917_883b5a38d4_c.jpg
6719238019_9b33fb1b81_c.jpg,https://live.staticflickr.com/7017/6719238019_9b33fb1b81_c.jpg
3473217407_b42098ddb0_c.jpg,https://live.staticflickr.com/3404/3473217407_b42098ddb0_c.jpg
6281049598_86c74e4579_c.jpg,https://live.staticflickr.com/6114/6281049598_86c74e4579_c.jpg
282363160_79c42b730a_c.jpg,https://live.staticflickr.com/84/282363160_79c42b730a_c.jpg
3925661602_a210837b4c_c.jpg,https://live.staticflickr.com/2577/3925661602_a210837b4c_c.jpg
24890789117_a512a962a5_c.jpg,https://live.staticflickr.com/4611/24890789117_a512a962a5_c.jpg
17350682350_585cc718e9_c.jpg,https://live.staticflickr.com/8815/17350682350_585cc718e9_c.jpg
5356917526_be4fda36b2_c.jpg,https://live.staticflickr.com/5002/5356917526_be4fda36b2_c.jpg
2900029834_05af43ef28_c.jpg,https://live.staticflickr.com/3119/2900029834_05af43ef28_c.jpg
3538036990_0a183a7177_c.jpg,https://live.staticflickr.com/2354/3538036990_0a183a7177_c.jpg
6976954131_745a6e76dd_c.jpg,https://live.staticflickr.com/7066/6976954131_745a6e76dd_c.jpg
3982077294_d9e617ba2c_c.jpg,https://live.staticflickr.com/3434/3982077294_d9e617ba2c_c.jpg
4837367033_53b1fa9431_c.jpg,https://live.staticflickr.com/4104/4837367033_53b1fa9431_c.jpg
2540125520_053fc79fe7_c.jpg,https://live.staticflickr.com/2023/2540125520_053fc79fe7_c.jpg
3552730570_1901b48531_c.jpg,https://live.staticflickr.com/3274/3552730570_1901b48531_c.jpg
8642016267_eda60e5ffd_c.jpg,https://live.staticflickr.com/8106/8642016267_eda60e5ffd_c.jpg
8477248916_db7ea19cca_c.jpg,https://live.staticflickr.com/8376/8477248916_db7ea19cca_c.jpg
16771508818_cb8ff8e955_c.jpg,https://live.staticflickr.com/8724/16771508818_cb8ff8e955_c.jpg
7971248092_4c501b832d_c.jpg,https://live.staticflickr.com/8176/7971248092_4c501b832d_c.jpg
14807605100_849dcefae5_c.jpg,https://live.staticflickr.com/3847/14807605100_849dcefae5_c.jpg
14553555606_21c07ae029_c.jpg,https://live.staticflickr.com/2915/14553555606_21c07ae029_c.jpg
3902165256_43bcfc7803_c.jpg,https://live.staticflickr.com/3022/3902165256_43bcfc7803_c.jpg
8462071684_11d07497f3_c.jpg,https://live.staticflickr.com/8110/8462071684_11d07497f3_c.jpg
3138480916_ab61a9ae71_c.jpg,https://live.staticflickr.com/3198/3138480916_ab61a9ae71_c.jpg
6258345260_f4d300a6a9_c.jpg,https://live.staticflickr.com/6156/6258345260_f4d300a6a9_c.jpg
5107832483_326128a212_c.jpg,https://live.staticflickr.com/1187/5107832483_326128a212_c.jpg
5397903840_51d2ca7d41_c.jpg,https://live.staticflickr.com/5011/5397903840_51d2ca7d41_c.jpg
6842503674_c712b098a3_c.jpg,https://live.staticflickr.com/7048/6842503674_c712b098a3_c.jpg
16695243298_f2b49ea5b0_c.jpg,https://live.staticflickr.com/7599/16695243298_f2b49ea5b0_c.jpg
2522133141_a4532b559a_c.jpg,https://live.staticflickr.com/2009/2522133141_a4532b559a_c.jpg
3986061194_10b63ea819_c.jpg,https://live.staticflickr.com/2611/3986061194_10b63ea819_c.jpg
8104837281_c144d3591c_c.jpg,https://live.staticflickr.com/8465/8104837281_c144d3591c_c.jpg
23051391523_df739c34b5_c.jpg,https://live.staticflickr.com/5737/23051391523_df739c34b5_c.jpg
14842319867_abde6cf77c_c.jpg,https://live.staticflickr.com/3908/14842319867_abde6cf77c_c.jpg
2925748978_42b8cf8bfe_c.jpg,https://live.staticflickr.com/3059/2925748978_42b8cf8bfe_c.jpg
11604464806_eb0cf9bfa7_c.jpg,https://live.staticflickr.com/3755/11604464806_eb0cf9bfa7_c.jpg
6279533124_eed8c3d7c0_c.jpg,https://live.staticflickr.com/6059/6279533124_eed8c3d7c0_c.jpg
77661631_8cbc4dc04c_c.jpg,https://live.staticflickr.com/37/77661631_8cbc4dc04c_c.jpg
8182378963_2a89f8046f_c.jpg,https://live.staticflickr.com/8210/8182378963_2a89f8046f_c.jpg
10912748206_4a21b141ed_c.jpg,https://live.staticflickr.com/2818/10912748206_4a21b141ed_c.jpg
6838616710_74f94ce84a_c.jpg,https://live.staticflickr.com/7036/6838616710_74f94ce84a_c.jpg
11990622366_d2e095d344_c.jpg,https://live.staticflickr.com/3830/11990622366_d2e095d344_c.jpg
20248913398_3de5ff3a47_c.jpg,https://live.staticflickr.com/3686/20248913398_3de5ff3a47_c.jpg
4349133835_c4344deb82_c.jpg,https://live.staticflickr.com/2762/4349133835_c4344deb82_c.jpg
14411380440_37f4ab9991_c.jpg,https://live.staticflickr.com/3919/14411380440_37f4ab9991_c.jpg
30694784990_5ea7af8a28_c.jpg,https://live.staticflickr.com/5442/30694784990_5ea7af8a28_c.jpg
1573489551_b0b30c9fde_c.jpg,https://live.staticflickr.com/2357/1573489551_b0b30c9fde_c.jpg
2292078150_7a68c95565_c.jpg,https://live.staticflickr.com/2089/2292078150_7a68c95565_c.jpg
53757746_2be8aa83cd_c.jpg,https://live.staticflickr.com/33/53757746_2be8aa83cd_c.jpg
3309474920_a72b78fbbf_c.jpg,https://live.staticflickr.com/3366/3309474920_a72b78fbbf_c.jpg
6192571932_456114cf01_c.jpg,https://live.staticflickr.com/6155/6192571932_456114cf01_c.jpg
6736210625_ae648fd4d4_c.jpg,https://live.staticflickr.com/7154/6736210625_ae648fd4d4_c.jpg
6264515461_8f93e8da1e_c.jpg,https://live.staticflickr.com/6234/6264515461_8f93e8da1e_c.jpg
5263790233_ce73fa6685_c.jpg,https://live.staticflickr.com/5164/5263790233_ce73fa6685_c.jpg
5075913406_839b28c18b_c.jpg,https://live.staticflickr.com/4035/5075913406_839b28c18b_c.jpg
3586257435_ff238bc898_c.jpg,https://live.staticflickr.com/3375/3586257435_ff238bc898_c.jpg
306833960_7989a8dac9_c.jpg,https://live.staticflickr.com/111/306833960_7989a8dac9_c.jpg
20362923421_4d245eb095_c.jpg,https://live.staticflickr.com/390/20362923421_4d245eb095_c.jpg
3380641613_0d40412f9b_c.jpg,https://live.staticflickr.com/3555/3380641613_0d40412f9b_c.jpg
26419779515_332a4300cd_c.jpg,https://live.staticflickr.com/1551/26419779515_332a4300cd_c.jpg
10385320984_bb9b4df58e_c.jpg,https://live.staticflickr.com/3777/10385320984_bb9b4df58e_c.jpg
5119849202_605c6969fb_c.jpg,https://live.staticflickr.com/1362/5119849202_605c6969fb_c.jpg
4272153865_3ac2556d22_c.jpg,https://live.staticflickr.com/2766/4272153865_3ac2556d22_c.jpg
5469555232_ec583ae23c_c.jpg,https://live.staticflickr.com/5138/5469555232_ec583ae23c_c.jpg
24429206599_796c15b4db_c.jpg,https://live.staticflickr.com/1581/24429206599_796c15b4db_c.jpg
5257744991_03578550dd_c.jpg,https://live.staticflickr.com/5003/5257744991_03578550dd_c.jpg
2899595571_99ba411825_c.jpg,https://live.staticflickr.com/3253/2899595571_99ba411825_c.jpg
8109957223_da9d5951b6_c.jpg,https://live.staticflickr.com/8465/8109957223_da9d5951b6_c.jpg
5247126548_03f76543fd_c.jpg,https://live.staticflickr.com/5281/5247126548_03f76543fd_c.jpg
12036957895_41d2f8342f_c.jpg,https://live.staticflickr.com/7451/12036957895_41d2f8342f_c.jpg
8050447633_3f682a9060_c.jpg,https://live.staticflickr.com/8319/8050447633_3f682a9060_c.jpg
26089671826_45ef3c04de_c.jpg,https://live.staticflickr.com/1497/26089671826_45ef3c04de_c.jpg
3095715826_fcd2b5ea91_c.jpg,https://live.staticflickr.com/3279/3095715826_fcd2b5ea91_c.jpg
3932761877_2fa035b6a7_c.jpg,https://live.staticflickr.com/2644/3932761877_2fa035b6a7_c.jpg
2907480397_1266ee6cae_c.jpg,https://live.staticflickr.com/3185/2907480397_1266ee6cae_c.jpg
7329621176_0405e9963b_c.jpg,https://live.staticflickr.com/8025/7329621176_0405e9963b_c.jpg
4071380612_7f92a1d4e2_c.jpg,https://live.staticflickr.com/2611/4071380612_7f92a1d4e2_c.jpg
4607403045_123f28a469_c.jpg,https://live.staticflickr.com/3311/4607403045_123f28a469_c.jpg
6263384032_d6968fafc7_c.jpg,https://live.staticflickr.com/6176/6263384032_d6968fafc7_c.jpg
2249311119_e46f89a539_c.jpg,https://live.staticflickr.com/2333/2249311119_e46f89a539_c.jpg
4772764086_0256d56765_c.jpg,https://live.staticflickr.com/4135/4772764086_0256d56765_c.jpg
3043771597_a0ef83fa0d_c.jpg,https://live.staticflickr.com/3156/3043771597_a0ef83fa0d_c.jpg
13002773844_1633625668_c.jpg,https://live.staticflickr.com/7304/13002773844_1633625668_c.jpg
6264411528_a8bacd0d49_c.jpg,https://live.staticflickr.com/6105/6264411528_a8bacd0d49_c.jpg
13527643863_19c5c08fd7_c.jpg,https://live.staticflickr.com/5269/13527643863_19c5c08fd7_c.jpg
7986628345_e9fd4eafac_c.jpg,https://live.staticflickr.com/8175/7986628345_e9fd4eafac_c.jpg
20315179505_9f4dcb9b1b_c.jpg,https://live.staticflickr.com/296/20315179505_9f4dcb9b1b_c.jpg
6755210131_3bcb3853e7_c.jpg,https://live.staticflickr.com/7006/6755210131_3bcb3853e7_c.jpg
14174808533_fcd7b7afec_c.jpg,https://live.staticflickr.com/7432/14174808533_fcd7b7afec_c.jpg
10127416425_11bd4e84f4_c.jpg,https://live.staticflickr.com/2836/10127416425_11bd4e84f4_c.jpg
4706757978_4864532f94_c.jpg,https://live.staticflickr.com/4015/4706757978_4864532f94_c.jpg
38918292_5c10e95fae_c.jpg,https://live.staticflickr.com/30/38918292_5c10e95fae_c.jpg
23022537471_a5b82ab6c2_c.jpg,https://live.staticflickr.com/594/23022537471_a5b82ab6c2_c.jpg
4422424044_9de177fefa_c.jpg,https://live.staticflickr.com/4054/4422424044_9de177fefa_c.jpg
3919911560_c3a0506883_c.jpg,https://live.staticflickr.com/2586/3919911560_c3a0506883_c.jpg
6145326742_985f1acd92_c.jpg,https://live.staticflickr.com/6188/6145326742_985f1acd92_c.jpg
8388528913_a4f4012b7d_c.jpg,https://live.staticflickr.com/8331/8388528913_a4f4012b7d_c.jpg
5105568521_5aa37bf85a_c.jpg,https://live.staticflickr.com/1045/5105568521_5aa37bf85a_c.jpg
3188017484_3f323804f2_c.jpg,https://live.staticflickr.com/3387/3188017484_3f323804f2_c.jpg
29817686215_7dda0bd167_c.jpg,https://live.staticflickr.com/8186/29817686215_7dda0bd167_c.jpg
2124387078_78c26f7f16_c.jpg,https://live.staticflickr.com/2055/2124387078_78c26f7f16_c.jpg
29906076064_995296bb76_c.jpg,https://live.staticflickr.com/5658/29906076064_995296bb76_c.jpg
7976650326_ae917e798a_c.jpg,https://live.staticflickr.com/8436/7976650326_ae917e798a_c.jpg
716896933_7e88fcc228_c.jpg,https://live.staticflickr.com/1094/716896933_7e88fcc228_c.jpg
5878683070_1d8f9e2a20_c.jpg,https://live.staticflickr.com/5153/5878683070_1d8f9e2a20_c.jpg
7411335290_647baefd0a_c.jpg,https://live.staticflickr.com/8028/7411335290_647baefd0a_c.jpg
15669662386_d2251b604f_c.jpg,https://live.staticflickr.com/3943/15669662386_d2251b604f_c.jpg
305191624_1cec85278e_c.jpg,https://live.staticflickr.com/103/305191624_1cec85278e_c.jpg
6110861289_edeabae529_c.jpg,https://live.staticflickr.com/6193/6110861289_edeabae529_c.jpg
8170345309_0d38a9262c_c.jpg,https://live.staticflickr.com/8479/8170345309_0d38a9262c_c.jpg
38517523111_c3660cceb2_c.jpg,https://live.staticflickr.com/4518/38517523111_c3660cceb2_c.jpg
62194544_201c945e31_c.jpg,https://live.staticflickr.com/26/62194544_201c945e31_c.jpg
4909390879_d58fdd0be8_c.jpg,https://live.staticflickr.com/4123/4909390879_d58fdd0be8_c.jpg
4518888045_6dcb11b661_c.jpg,https://live.staticflickr.com/4039/4518888045_6dcb11b661_c.jpg
14589536440_5af07a4885_c.jpg,https://live.staticflickr.com/3852/14589536440_5af07a4885_c.jpg
29845716496_b8b0c53b7d_c.jpg,https://live.staticflickr.com/5681/29845716496_b8b0c53b7d_c.jpg
353576349_b362bb3fcd_c.jpg,https://live.staticflickr.com/139/353576349_b362bb3fcd_c.jpg
60039448_1ebd20624c_c.jpg,https://live.staticflickr.com/28/60039448_1ebd20624c_c.jpg
19704676340_25b04c963c_c.jpg,https://live.staticflickr.com/3720/19704676340_25b04c963c_c.jpg
4230671609_10d13b3a2a_c.jpg,https://live.staticflickr.com/4049/4230671609_10d13b3a2a_c.jpg
21393975896_a7fc4766d3_c.jpg,https://live.staticflickr.com/5727/21393975896_a7fc4766d3_c.jpg
3615656703_321f3ca492_c.jpg,https://live.staticflickr.com/3384/3615656703_321f3ca492_c.jpg
3229281516_597313db92_c.jpg,https://live.staticflickr.com/3093/3229281516_597313db92_c.jpg
148288578_589c1c45a2_c.jpg,https://live.staticflickr.com/53/148288578_589c1c45a2_c.jpg
5627768134_3f0b29d30f_c.jpg,https://live.staticflickr.com/5268/5627768134_3f0b29d30f_c.jpg
2411676495_87f6d298f9_c.jpg,https://live.staticflickr.com/2016/2411676495_87f6d298f9_c.jpg
8699758274_1c06bef883_c.jpg,https://live.staticflickr.com/8120/8699758274_1c06bef883_c.jpg
5880003166_787fc31674_c.jpg,https://live.staticflickr.com/5317/5880003166_787fc31674_c.jpg
6151067053_3cedcc176f_c.jpg,https://live.staticflickr.com/6067/6151067053_3cedcc176f_c.jpg
238269155_cbc090bd0d_c.jpg,https://live.staticflickr.com/85/238269155_cbc090bd0d_c.jpg
8494907239_43d2e27608_c.jpg,https://live.staticflickr.com/8511/8494907239_43d2e27608_c.jpg
4972920282_2cf85b78f8_c.jpg,https://live.staticflickr.com/4151/4972920282_2cf85b78f8_c.jpg
219369969_3976bc483f_c.jpg,https://live.staticflickr.com/58/219369969_3976bc483f_c.jpg
7994902235_8b3a20fec5_c.jpg,https://live.staticflickr.com/8447/7994902235_8b3a20fec5_c.jpg
5530246533_4735673131_c.jpg,https://live.staticflickr.com/5220/5530246533_4735673131_c.jpg
2300507123_0d9eb84a18_c.jpg,https://live.staticflickr.com/2016/2300507123_0d9eb84a18_c.jpg
5491355197_a953365522_c.jpg,https://live.staticflickr.com/5172/5491355197_a953365522_c.jpg
5728834364_a3c6cff7d9_c.jpg,https://live.staticflickr.com/3239/5728834364_a3c6cff7d9_c.jpg
8583725570_587cea9a7a_c.jpg,https://live.staticflickr.com/8518/8583725570_587cea9a7a_c.jpg
13811299405_79f2d343f5_c.jpg,https://live.staticflickr.com/3740/13811299405_79f2d343f5_c.jpg
8699981463_ee7e8082da_c.jpg,https://live.staticflickr.com/8541/8699981463_ee7e8082da_c.jpg
4456311551_c49122724e_c.jpg,https://live.staticflickr.com/4004/4456311551_c49122724e_c.jpg
5216818662_9df5df5e21_c.jpg,https://live.staticflickr.com/5128/5216818662_9df5df5e21_c.jpg
16113567294_250f95a6f5_c.jpg,https://live.staticflickr.com/8617/16113567294_250f95a6f5_c.jpg
6853894958_cbeae83c89_c.jpg,https://live.staticflickr.com/7275/6853894958_cbeae83c89_c.jpg
7974034920_6787a1ce7e_c.jpg,https://live.staticflickr.com/8455/7974034920_6787a1ce7e_c.jpg
2038630504_2fbec9d163_c.jpg,https://live.staticflickr.com/2318/2038630504_2fbec9d163_c.jpg
2281040421_a2c7728cbe_c.jpg,https://live.staticflickr.com/3229/2281040421_a2c7728cbe_c.jpg
6145326368_2c836d4b7e_c.jpg,https://live.staticflickr.com/6169/6145326368_2c836d4b7e_c.jpg
20849365383_4076ac19b6_c.jpg,https://live.staticflickr.com/770/20849365383_4076ac19b6_c.jpg
2745841275_f1ee2d0ff8_c.jpg,https://live.staticflickr.com/3282/2745841275_f1ee2d0ff8_c.jpg
3525499138_448443ee5c_c.jpg,https://live.staticflickr.com/3602/3525499138_448443ee5c_c.jpg
3214350262_9f54887e82_c.jpg,https://live.staticflickr.com/3520/3214350262_9f54887e82_c.jpg
8012523451_13026dedc8_c.jpg,https://live.staticflickr.com/8181/8012523451_13026dedc8_c.jpg
6292827406_64659d1d01_c.jpg,https://live.staticflickr.com/6105/6292827406_64659d1d01_c.jpg
6386737123_e14cf6532a_c.jpg,https://live.staticflickr.com/6060/6386737123_e14cf6532a_c.jpg
6739961673_45fee19ef3_c.jpg,https://live.staticflickr.com/7148/6739961673_45fee19ef3_c.jpg
11623873283_957f58ae28_c.jpg,https://live.staticflickr.com/7394/11623873283_957f58ae28_c.jpg
4702624351_8aa43c12d6_c.jpg,https://live.staticflickr.com/1299/4702624351_8aa43c12d6_c.jpg
5218193_60352b858e_c.jpg,https://live.staticflickr.com/4/5218193_60352b858e_c.jpg
6660986247_d202f6c38b_c.jpg,https://live.staticflickr.com/7165/6660986247_d202f6c38b_c.jpg
4773960351_a09e18178c_c.jpg,https://live.staticflickr.com/4141/4773960351_a09e18178c_c.jpg
24960501956_8f718ec9ca_c.jpg,https://live.staticflickr.com/1663/24960501956_8f718ec9ca_c.jpg
5200315760_b67e181e42_c.jpg,https://live.staticflickr.com/4128/5200315760_b67e181e42_c.jpg
5399253615_9deef29fcb_c.jpg,https://live.staticflickr.com/5255/5399253615_9deef29fcb_c.jpg
15071882988_ef0fa0a31f_c.jpg,https://live.staticflickr.com/3842/15071882988_ef0fa0a31f_c.jpg
412979590_0b19ec21b8_c.jpg,https://live.staticflickr.com/174/412979590_0b19ec21b8_c.jpg
27367684107_c8cdab9a34_c.jpg,https://live.staticflickr.com/952/27367684107_c8cdab9a34_c.jpg
10446302155_058944ff69_c.jpg,https://live.staticflickr.com/3807/10446302155_058944ff69_c.jpg
5070001811_86725a758f_c.jpg,https://live.staticflickr.com/4087/5070001811_86725a758f_c.jpg
14450206103_90f68197d4_c.jpg,https://live.staticflickr.com/5113/14450206103_90f68197d4_c.jpg
27752899739_a38377cb85_c.jpg,https://live.staticflickr.com/4637/27752899739_a38377cb85_c.jpg
3488005603_c8f4c805dc_c.jpg,https://live.staticflickr.com/3329/3488005603_c8f4c805dc_c.jpg
5534719436_2c6edb8027_c.jpg,https://live.staticflickr.com/5097/5534719436_2c6edb8027_c.jpg
8663719087_2c2f37233b_c.jpg,https://live.staticflickr.com/8259/8663719087_2c2f37233b_c.jpg
26238062312_c368bfaa72_c.jpg,https://live.staticflickr.com/1592/26238062312_c368bfaa72_c.jpg
296416216_d1fd648ec2_c.jpg,https://live.staticflickr.com/118/296416216_d1fd648ec2_c.jpg
2930313892_283bfbc6c5_c.jpg,https://live.staticflickr.com/3287/2930313892_283bfbc6c5_c.jpg
6030935080_1fd9b03695_c.jpg,https://live.staticflickr.com/6145/6030935080_1fd9b03695_c.jpg
16968058992_31b62d77d5_c.jpg,https://live.staticflickr.com/7284/16968058992_31b62d77d5_c.jpg
6603899953_fe1a5c197a_c.jpg,https://live.staticflickr.com/7027/6603899953_fe1a5c197a_c.jpg
30922601174_44b40f4c9d_c.jpg,https://live.staticflickr.com/706/30922601174_44b40f4c9d_c.jpg
16061375422_576a8aa0f4_c.jpg,https://live.staticflickr.com/7466/16061375422_576a8aa0f4_c.jpg
16430821602_77238f5fa5_c.jpg,https://live.staticflickr.com/7426/16430821602_77238f5fa5_c.jpg
29032671112_17b2e1b6ac_c.jpg,https://live.staticflickr.com/8544/29032671112_17b2e1b6ac_c.jpg
20857359161_ff15b45d5d_c.jpg,https://live.staticflickr.com/5741/20857359161_ff15b45d5d_c.jpg
1181291845_5219ef7308_c.jpg,https://live.staticflickr.com/1124/1181291845_5219ef7308_c.jpg
65576560_167127b8e8_c.jpg,https://live.staticflickr.com/35/65576560_167127b8e8_c.jpg
16793198472_0f9b8a6686_c.jpg,https://live.staticflickr.com/8562/16793198472_0f9b8a6686_c.jpg
1553739797_837d759aa4_c.jpg,https://live.staticflickr.com/2153/1553739797_837d759aa4_c.jpg
2501577993_89c68a46ab_c.jpg,https://live.staticflickr.com/2189/2501577993_89c68a46ab_c.jpg
3098316575_5d04af1fa1_c.jpg,https://live.staticflickr.com/3161/3098316575_5d04af1fa1_c.jpg
6228064214_8b603c471a_c.jpg,https://live.staticflickr.com/6160/6228064214_8b603c471a_c.jpg
260195696_97976c14aa_c.jpg,https://live.staticflickr.com/117/260195696_97976c14aa_c.jpg
6957605512_a8cd3656ce_c.jpg,https://live.staticflickr.com/8028/6957605512_a8cd3656ce_c.jpg
5676194783_13c1baa5b6_c.jpg,https://live.staticflickr.com/5267/5676194783_13c1baa5b6_c.jpg
5494787317_6037e394c5_c.jpg,https://live.staticflickr.com/5094/5494787317_6037e394c5_c.jpg
5571097940_54419f584b_c.jpg,https://live.staticflickr.com/5301/5571097940_54419f584b_c.jpg
6055972521_3e0ee0ea71_c.jpg,https://live.staticflickr.com/6188/6055972521_3e0ee0ea71_c.jpg
2751573662_087e9359a0_c.jpg,https://live.staticflickr.com/3111/2751573662_087e9359a0_c.jpg
520252378_36c53de20a_c.jpg,https://live.staticflickr.com/201/520252378_36c53de20a_c.jpg
8080236586_35e770cf0b_c.jpg,https://live.staticflickr.com/8336/8080236586_35e770cf0b_c.jpg
3332737571_de9a097e84_c.jpg,https://live.staticflickr.com/3557/3332737571_de9a097e84_c.jpg
5403342461_5afcde86ea_c.jpg,https://live.staticflickr.com/5219/5403342461_5afcde86ea_c.jpg
2196694223_f232d1c688_c.jpg,https://live.staticflickr.com/2337/2196694223_f232d1c688_c.jpg
6972698496_ebd14b4b7f_c.jpg,https://live.staticflickr.com/8010/6972698496_ebd14b4b7f_c.jpg
6298866246_5458561244_c.jpg,https://live.staticflickr.com/6044/6298866246_5458561244_c.jpg
2590270669_1c1eb610c6_c.jpg,https://live.staticflickr.com/3122/2590270669_1c1eb610c6_c.jpg
27954022832_89cc45daac_c.jpg,https://live.staticflickr.com/7309/27954022832_89cc45daac_c.jpg
6325744047_24479d1363_c.jpg,https://live.staticflickr.com/6105/6325744047_24479d1363_c.jpg
1881375159_de48132e5a_c.jpg,https://live.staticflickr.com/2141/1881375159_de48132e5a_c.jpg
8607907728_64618391a2_c.jpg,https://live.staticflickr.com/8117/8607907728_64618391a2_c.jpg
9536159689_752f3f5f7c_c.jpg,https://live.staticflickr.com/7422/9536159689_752f3f5f7c_c.jpg
387482803_d9cf8e2fd4_c.jpg,https://live.staticflickr.com/149/387482803_d9cf8e2fd4_c.jpg
10259454894_2c656da39b_c.jpg,https://live.staticflickr.com/2837/10259454894_2c656da39b_c.jpg
146461286_9cfaad8345_c.jpg,https://live.staticflickr.com/52/146461286_9cfaad8345_c.jpg
3770333323_f956e1d017_c.jpg,https://live.staticflickr.com/2589/3770333323_f956e1d017_c.jpg
4554828141_6cdc023a0b_c.jpg,https://live.staticflickr.com/3455/4554828141_6cdc023a0b_c.jpg
504664819_d5502c3b3c_c.jpg,https://live.staticflickr.com/225/504664819_d5502c3b3c_c.jpg
4708029122_e207e98454_c.jpg,https://live.staticflickr.com/4028/4708029122_e207e98454_c.jpg
15527190957_a6b648343c_c.jpg,https://live.staticflickr.com/3939/15527190957_a6b648343c_c.jpg
2279951633_288c01b280_c.jpg,https://live.staticflickr.com/2246/2279951633_288c01b280_c.jpg
3761585293_44a132a11a_c.jpg,https://live.staticflickr.com/2433/3761585293_44a132a11a_c.jpg
26481830969_08553e2c5c_c.jpg,https://live.staticflickr.com/4582/26481830969_08553e2c5c_c.jpg
4137134245_1aafc98543_c.jpg,https://live.staticflickr.com/2544/4137134245_1aafc98543_c.jpg
13727718204_4bb2797bae_c.jpg,https://live.staticflickr.com/3810/13727718204_4bb2797bae_c.jpg
5215763966_e2de2852c0_c.jpg,https://live.staticflickr.com/5161/5215763966_e2de2852c0_c.jpg
5004605549_e364f31954_c.jpg,https://live.staticflickr.com/4153/5004605549_e364f31954_c.jpg
87347411_cf193f85af_c.jpg,https://live.staticflickr.com/36/87347411_cf193f85af_c.jpg
1105262726_97da0ee587_c.jpg,https://live.staticflickr.com/1123/1105262726_97da0ee587_c.jpg
1851174646_38add33c73_c.jpg,https://live.staticflickr.com/2054/1851174646_38add33c73_c.jpg
22716860783_60ce080299_c.jpg,https://live.staticflickr.com/5758/22716860783_60ce080299_c.jpg
5243178451_99856baf10_c.jpg,https://live.staticflickr.com/5161/5243178451_99856baf10_c.jpg
2818198168_b41e0d415a_c.jpg,https://live.staticflickr.com/3206/2818198168_b41e0d415a_c.jpg
4791973733_3a56e99c15_c.jpg,https://live.staticflickr.com/4096/4791973733_3a56e99c15_c.jpg
274562899_5b51e9eee0_c.jpg,https://live.staticflickr.com/73/274562899_5b51e9eee0_c.jpg
4335800391_a3e454933f_c.jpg,https://live.staticflickr.com/4034/4335800391_a3e454933f_c.jpg
5347345204_b73e378927_c.jpg,https://live.staticflickr.com/5245/5347345204_b73e378927_c.jpg
84962078_16e2f55ee4_c.jpg,https://live.staticflickr.com/39/84962078_16e2f55ee4_c.jpg
16171987914_b68075736d_c.jpg,https://live.staticflickr.com/8663/16171987914_b68075736d_c.jpg
443868747_779daf0196_c.jpg,https://live.staticflickr.com/250/443868747_779daf0196_c.jpg
9704642612_5b6e19e51d_c.jpg,https://live.staticflickr.com/3701/9704642612_5b6e19e51d_c.jpg
5367720046_fc6f16aaf3_c.jpg,https://live.staticflickr.com/5162/5367720046_fc6f16aaf3_c.jpg
8582672950_68d504111f_c.jpg,https://live.staticflickr.com/8086/8582672950_68d504111f_c.jpg
5033897069_b250d74685_c.jpg,https://live.staticflickr.com/4149/5033897069_b250d74685_c.jpg
4559749543_2f2fbd6a9f_c.jpg,https://live.staticflickr.com/4068/4559749543_2f2fbd6a9f_c.jpg
14077178635_bb1c662f53_c.jpg,https://live.staticflickr.com/7297/14077178635_bb1c662f53_c.jpg
6898608251_a2dc453361_c.jpg,https://live.staticflickr.com/7069/6898608251_a2dc453361_c.jpg
22441777915_d455b5f129_c.jpg,https://live.staticflickr.com/5709/22441777915_d455b5f129_c.jpg
2800281812_dfa344566c_c.jpg,https://live.staticflickr.com/3265/2800281812_dfa344566c_c.jpg
7029381939_18c8569379_c.jpg,https://live.staticflickr.com/6093/7029381939_18c8569379_c.jpg
3605928090_72fc5fd6e3_c.jpg,https://live.staticflickr.com/3310/3605928090_72fc5fd6e3_c.jpg
250960190_6f7fcb01e8_c.jpg,https://live.staticflickr.com/116/250960190_6f7fcb01e8_c.jpg
2872120203_ca28a1c546_c.jpg,https://live.staticflickr.com/3110/2872120203_ca28a1c546_c.jpg
4021959702_ce40a8b7ca_c.jpg,https://live.staticflickr.com/2527/4021959702_ce40a8b7ca_c.jpg
4616231640_7a8ffc02b5_c.jpg,https://live.staticflickr.com/3367/4616231640_7a8ffc02b5_c.jpg
43787908192_aaa51b1ee5_c.jpg,https://live.staticflickr.com/853/43787908192_aaa51b1ee5_c.jpg
4245591157_81827848a3_c.jpg,https://live.staticflickr.com/4014/4245591157_81827848a3_c.jpg
7431363424_0078ed55cd_c.jpg,https://live.staticflickr.com/7265/7431363424_0078ed55cd_c.jpg
112021791_1de8791b43_c.jpg,https://live.staticflickr.com/46/112021791_1de8791b43_c.jpg
15273946685_79ec604b34_c.jpg,https://live.staticflickr.com/5591/15273946685_79ec604b34_c.jpg
26294258831_d7f5549fb1_c.jpg,https://live.staticflickr.com/1717/26294258831_d7f5549fb1_c.jpg
30624435297_5dd887ea9d_c.jpg,https://live.staticflickr.com/1946/30624435297_5dd887ea9d_c.jpg
6146729223_06b29deae7_c.jpg,https://live.staticflickr.com/6154/6146729223_06b29deae7_c.jpg
15706679883_308a5f4eca_c.jpg,https://live.staticflickr.com/8658/15706679883_308a5f4eca_c.jpg
8655843540_fea3436bc6_c.jpg,https://live.staticflickr.com/8257/8655843540_fea3436bc6_c.jpg
6934643553_071435a893_c.jpg,https://live.staticflickr.com/7200/6934643553_071435a893_c.jpg
2266949072_0178905dc4_c.jpg,https://live.staticflickr.com/2032/2266949072_0178905dc4_c.jpg
6792514613_92aa38a256_c.jpg,https://live.staticflickr.com/7011/6792514613_92aa38a256_c.jpg
6797479667_e81dfaccab_c.jpg,https://live.staticflickr.com/7148/6797479667_e81dfaccab_c.jpg
2076800089_aa6d7e150d_c.jpg,https://live.staticflickr.com/2017/2076800089_aa6d7e150d_c.jpg
4622765368_a48c95d5bb_c.jpg,https://live.staticflickr.com/1166/4622765368_a48c95d5bb_c.jpg
5046914430_21d6965254_c.jpg,https://live.staticflickr.com/4127/5046914430_21d6965254_c.jpg
5588251549_2574eb97ff_c.jpg,https://live.staticflickr.com/5132/5588251549_2574eb97ff_c.jpg
6097764341_07326fc649_c.jpg,https://live.staticflickr.com/6204/6097764341_07326fc649_c.jpg
8006392928_eed6ab5d92_c.jpg,https://live.staticflickr.com/8459/8006392928_eed6ab5d92_c.jpg
3960920140_31022c1ecc_c.jpg,https://live.staticflickr.com/2507/3960920140_31022c1ecc_c.jpg
3537107275_53c4c976ca_c.jpg,https://live.staticflickr.com/2291/3537107275_53c4c976ca_c.jpg
5882204449_063e7cb82c_c.jpg,https://live.staticflickr.com/6051/5882204449_063e7cb82c_c.jpg
6642072257_90376f3957_c.jpg,https://live.staticflickr.com/7024/6642072257_90376f3957_c.jpg
10762605495_aa8f0d58d2_c.jpg,https://live.staticflickr.com/2870/10762605495_aa8f0d58d2_c.jpg
5849984079_3b5594c545_c.jpg,https://live.staticflickr.com/5195/5849984079_3b5594c545_c.jpg
4484911570_e828989a1b_c.jpg,https://live.staticflickr.com/4043/4484911570_e828989a1b_c.jpg
6991478953_7e47fb6e66_c.jpg,https://live.staticflickr.com/7189/6991478953_7e47fb6e66_c.jpg
10705542284_38d8916210_c.jpg,https://live.staticflickr.com/7389/10705542284_38d8916210_c.jpg
6253825875_a05db81d72_c.jpg,https://live.staticflickr.com/6156/6253825875_a05db81d72_c.jpg
2715544998_27355f64a5_c.jpg,https://live.staticflickr.com/3047/2715544998_27355f64a5_c.jpg
4199682386_1286c26c6e_c.jpg,https://live.staticflickr.com/2563/4199682386_1286c26c6e_c.jpg
5369953749_c2a0a88591_c.jpg,https://live.staticflickr.com/5165/5369953749_c2a0a88591_c.jpg
7467569534_dfaeaf3aa0_c.jpg,https://live.staticflickr.com/8156/7467569534_dfaeaf3aa0_c.jpg
3977517948_e02fb85634_c.jpg,https://live.staticflickr.com/2676/3977517948_e02fb85634_c.jpg
2605095376_13d24a15f3_c.jpg,https://live.staticflickr.com/3161/2605095376_13d24a15f3_c.jpg
16193012674_e8e6991662_c.jpg,https://live.staticflickr.com/8689/16193012674_e8e6991662_c.jpg
5093290120_742fa4a3ed_c.jpg,https://live.staticflickr.com/4089/5093290120_742fa4a3ed_c.jpg
1469913729_741eeecc4f_c.jpg,https://live.staticflickr.com/1102/1469913729_741eeecc4f_c.jpg
6262061463_feba201b3f_c.jpg,https://live.staticflickr.com/6163/6262061463_feba201b3f_c.jpg
16068018329_6ac6a034b0_c.jpg,https://live.staticflickr.com/7501/16068018329_6ac6a034b0_c.jpg
8033505640_44e0bfd19d_c.jpg,https://live.staticflickr.com/8033/8033505640_44e0bfd19d_c.jpg
15600675381_2324ea4b4d_c.jpg,https://live.staticflickr.com/5599/15600675381_2324ea4b4d_c.jpg
15306373267_fc782af935_c.jpg,https://live.staticflickr.com/5607/15306373267_fc782af935_c.jpg
63529945_05f2ba06a1_c.jpg,https://live.staticflickr.com/25/63529945_05f2ba06a1_c.jpg
6934646321_ba634c43c6_c.jpg,https://live.staticflickr.com/7049/6934646321_ba634c43c6_c.jpg
10127551933_def66a168c_c.jpg,https://live.staticflickr.com/2839/10127551933_def66a168c_c.jpg
468079390_5af57cf8e5_c.jpg,https://live.staticflickr.com/175/468079390_5af57cf8e5_c.jpg
3586735665_8305eb5797_c.jpg,https://live.staticflickr.com/2479/3586735665_8305eb5797_c.jpg
10673283365_3d62f33df5_c.jpg,https://live.staticflickr.com/3775/10673283365_3d62f33df5_c.jpg
4401433895_d7529def9c_c.jpg,https://live.staticflickr.com/2802/4401433895_d7529def9c_c.jpg
19582057212_48dd25f64a_c.jpg,https://live.staticflickr.com/380/19582057212_48dd25f64a_c.jpg
6987581361_ce360d7b95_c.jpg,https://live.staticflickr.com/7044/6987581361_ce360d7b95_c.jpg
363844753_1feaa0ed1d_c.jpg,https://live.staticflickr.com/151/363844753_1feaa0ed1d_c.jpg
7164211163_23015b82d5_c.jpg,https://live.staticflickr.com/7075/7164211163_23015b82d5_c.jpg
8481899411_bd483cd362_c.jpg,https://live.staticflickr.com/8234/8481899411_bd483cd362_c.jpg
22785262863_f8ccf992f2_c.jpg,https://live.staticflickr.com/5751/22785262863_f8ccf992f2_c.jpg
7045692609_5a72d1e7be_c.jpg,https://live.staticflickr.com/7191/7045692609_5a72d1e7be_c.jpg
2776725679_2c7dc13063_c.jpg,https://live.staticflickr.com/3065/2776725679_2c7dc13063_c.jpg
30254394035_2de34cf4c8_c.jpg,https://live.staticflickr.com/5761/30254394035_2de34cf4c8_c.jpg
4307428758_618bd1b7b4_c.jpg,https://live.staticflickr.com/2788/4307428758_618bd1b7b4_c.jpg
13997250146_6b8cf473b3_c.jpg,https://live.staticflickr.com/2909/13997250146_6b8cf473b3_c.jpg
4654899443_99824d8663_c.jpg,https://live.staticflickr.com/4040/4654899443_99824d8663_c.jpg
3628383344_d019f87f78_c.jpg,https://live.staticflickr.com/2435/3628383344_d019f87f78_c.jpg
2276107668_61192b2806_c.jpg,https://live.staticflickr.com/2061/2276107668_61192b2806_c.jpg
14883679169_ef531fcf6f_c.jpg,https://live.staticflickr.com/3924/14883679169_ef531fcf6f_c.jpg
29005831233_7089b45109_c.jpg,https://live.staticflickr.com/8012/29005831233_7089b45109_c.jpg
14047458388_16dca70364_c.jpg,https://live.staticflickr.com/2907/14047458388_16dca70364_c.jpg
25146813976_2b9a5d5f57_c.jpg,https://live.staticflickr.com/1603/25146813976_2b9a5d5f57_c.jpg
3982988141_07bf4175f4_c.jpg,https://live.staticflickr.com/2593/3982988141_07bf4175f4_c.jpg
836217672_4d2026704c_c.jpg,https://live.staticflickr.com/1034/836217672_4d2026704c_c.jpg
6916481313_a1c51ef39c_c.jpg,https://live.staticflickr.com/7070/6916481313_a1c51ef39c_c.jpg
40136006143_d337d760d8_c.jpg,https://live.staticflickr.com/7810/40136006143_d337d760d8_c.jpg
43471869694_518ba8fc0c_c.jpg,https://live.staticflickr.com/1820/43471869694_518ba8fc0c_c.jpg
401014366_4d581d36d5_c.jpg,https://live.staticflickr.com/178/401014366_4d581d36d5_c.jpg
6370385205_98f462395d_c.jpg,https://live.staticflickr.com/6225/6370385205_98f462395d_c.jpg
6282201318_1fea0cf6b3_c.jpg,https://live.staticflickr.com/6034/6282201318_1fea0cf6b3_c.jpg
4194845869_84ca212181_c.jpg,https://live.staticflickr.com/2594/4194845869_84ca212181_c.jpg
4543916047_f3ecee691d_c.jpg,https://live.staticflickr.com/4048/4543916047_f3ecee691d_c.jpg
6864580391_bd4139c835_c.jpg,https://live.staticflickr.com/7210/6864580391_bd4139c835_c.jpg
6055014655_db681867c6_c.jpg,https://live.staticflickr.com/6206/6055014655_db681867c6_c.jpg
8269379303_b4be4b4dde_c.jpg,https://live.staticflickr.com/8220/8269379303_b4be4b4dde_c.jpg
3633460155_25fef590c4_c.jpg,https://live.staticflickr.com/3609/3633460155_25fef590c4_c.jpg
8119734260_fd6e86bd76_c.jpg,https://live.staticflickr.com/8193/8119734260_fd6e86bd76_c.jpg
6707673563_771e6c263f_c.jpg,https://live.staticflickr.com/7166/6707673563_771e6c263f_c.jpg
30739777966_316af4e9d7_c.jpg,https://live.staticflickr.com/5711/30739777966_316af4e9d7_c.jpg
3120507445_1635de45d7_c.jpg,https://live.staticflickr.com/3085/3120507445_1635de45d7_c.jpg
86364316_baf259d745_c.jpg,https://live.staticflickr.com/9/86364316_baf259d745_c.jpg
4492824390_facb68becc_c.jpg,https://live.staticflickr.com/2763/4492824390_facb68becc_c.jpg
37024306_1d75aa380f_c.jpg,https://live.staticflickr.com/21/37024306_1d75aa380f_c.jpg
11608765013_9804aeda89_c.jpg,https://live.staticflickr.com/3812/11608765013_9804aeda89_c.jpg
3170531589_ebb449c9b5_c.jpg,https://live.staticflickr.com/1114/3170531589_ebb449c9b5_c.jpg
5772603201_9aec17f5c8_c.jpg,https://live.staticflickr.com/2626/5772603201_9aec17f5c8_c.jpg
6175581542_6e33abf31d_c.jpg,https://live.staticflickr.com/6157/6175581542_6e33abf31d_c.jpg
20874929100_f5f7a9abf0_c.jpg,https://live.staticflickr.com/594/20874929100_f5f7a9abf0_c.jpg
2077404574_b2fea5443a_c.jpg,https://live.staticflickr.com/2400/2077404574_b2fea5443a_c.jpg
21195965255_4ed0c052e6_c.jpg,https://live.staticflickr.com/5644/21195965255_4ed0c052e6_c.jpg
264004866_a0c37d668d_c.jpg,https://live.staticflickr.com/109/264004866_a0c37d668d_c.jpg
6993643526_9af6fd3b23_c.jpg,https://live.staticflickr.com/7116/6993643526_9af6fd3b23_c.jpg
6525847315_f70daa5746_c.jpg,https://live.staticflickr.com/7033/6525847315_f70daa5746_c.jpg
14289481759_728ef9c64d_c.jpg,https://live.staticflickr.com/3865/14289481759_728ef9c64d_c.jpg
8536101106_f093ebde3e_c.jpg,https://live.staticflickr.com/8380/8536101106_f093ebde3e_c.jpg
8026182130_0c78c765ed_c.jpg,https://live.staticflickr.com/8032/8026182130_0c78c765ed_c.jpg
10235953846_2156ecf9d8_c.jpg,https://live.staticflickr.com/8559/10235953846_2156ecf9d8_c.jpg
28891785447_780db9c59f_c.jpg,https://live.staticflickr.com/1817/28891785447_780db9c59f_c.jpg
8579694317_598caba372_c.jpg,https://live.staticflickr.com/8522/8579694317_598caba372_c.jpg
3053864616_59990452c9_c.jpg,https://live.staticflickr.com/3192/3053864616_59990452c9_c.jpg
5507929202_f2fd0df5fe_c.jpg,https://live.staticflickr.com/5136/5507929202_f2fd0df5fe_c.jpg
10458121883_24ca2034c5_c.jpg,https://live.staticflickr.com/5544/10458121883_24ca2034c5_c.jpg
6156583847_676a1ea5f5_c.jpg,https://live.staticflickr.com/6186/6156583847_676a1ea5f5_c.jpg
8090349581_c88de1a4b7_c.jpg,https://live.staticflickr.com/8043/8090349581_c88de1a4b7_c.jpg
7924650958_bd2fca414e_c.jpg,https://live.staticflickr.com/8296/7924650958_bd2fca414e_c.jpg
2872950876_bc25129cd8_c.jpg,https://live.staticflickr.com/3267/2872950876_bc25129cd8_c.jpg
3015462619_50c62c5bbb_c.jpg,https://live.staticflickr.com/3014/3015462619_50c62c5bbb_c.jpg
8407750561_cea48351c5_c.jpg,https://live.staticflickr.com/8505/8407750561_cea48351c5_c.jpg
8470578667_46e4209800_c.jpg,https://live.staticflickr.com/8107/8470578667_46e4209800_c.jpg
6217174677_df2de29a75_c.jpg,https://live.staticflickr.com/6115/6217174677_df2de29a75_c.jpg
14949323748_53195c45ee_c.jpg,https://live.staticflickr.com/5586/14949323748_53195c45ee_c.jpg
21209051233_6ce247ac0c_c.jpg,https://live.staticflickr.com/602/21209051233_6ce247ac0c_c.jpg
3479243054_f86f878446_c.jpg,https://live.staticflickr.com/3330/3479243054_f86f878446_c.jpg
8417056581_d1c8234f63_c.jpg,https://live.staticflickr.com/8214/8417056581_d1c8234f63_c.jpg
8437951281_7b978b6686_c.jpg,https://live.staticflickr.com/8374/8437951281_7b978b6686_c.jpg
17886698094_938eef149b_c.jpg,https://live.staticflickr.com/543/17886698094_938eef149b_c.jpg
20274173536_80cee82417_c.jpg,https://live.staticflickr.com/519/20274173536_80cee82417_c.jpg
8127055057_f03bffdb66_c.jpg,https://live.staticflickr.com/8470/8127055057_f03bffdb66_c.jpg
21855239795_f4463ae027_c.jpg,https://live.staticflickr.com/5655/21855239795_f4463ae027_c.jpg
