5498232330_36f3c08bae_c.jpg,https://live.staticflickr.com/5296/5498232330_36f3c08bae_c.jpg
355402866_fc52aee7ee_c.jpg,https://live.staticflickr.com/131/355402866_fc52aee7ee_c.jpg
5930319092_63e01e6009_c.jpg,https://live.staticflickr.com/6026/5930319092_63e01e6009_c.jpg
2968613458_5e010c9ac8_c.jpg,https://live.staticflickr.com/3247/2968613458_5e010c9ac8_c.jpg
3514729343_f3e4f47c11_c.jpg,https://live.staticflickr.com/3312/3514729343_f3e4f47c11_c.jpg
20511681062_9fb9e0079e_c.jpg,https://live.staticflickr.com/5671/20511681062_9fb9e0079e_c.jpg
55482070_78e0997265_c.jpg,https://live.staticflickr.com/29/55482070_78e0997265_c.jpg
3374987296_91c2d9e6b1_c.jpg,https://live.staticflickr.com/3653/3374987296_91c2d9e6b1_c.jpg
30125350910_6c16d57a5b_c.jpg,https://live.staticflickr.com/8408/30125350910_6c16d57a5b_c.jpg
18760207_a00c42bcc2_c.jpg,https://live.staticflickr.com/12/18760207_a00c42bcc2_c.jpg
4967262523_a9c1d3c578_c.jpg,https://live.staticflickr.com/4108/4967262523_a9c1d3c578_c.jpg
4316791820_3caf347812_c.jpg,https://live.staticflickr.com/4028/4316791820_3caf347812_c.jpg
749788256_a0ef454a54_c.jpg,https://live.staticflickr.com/1252/749788256_a0ef454a54_c.jpg
4447280344_b25d9cc572_c.jpg,https://live.staticflickr.com/2735/4447280344_b25d9cc572_c.jpg
5892853216_5b847c251a_c.jpg,https://live.staticflickr.com/5160/5892853216_5b847c251a_c.jpg
5230977731_ca8cbaed48_c.jpg,https://live.staticflickr.com/5090/5230977731_ca8cbaed48_c.jpg
1454082073_5e4782ce4d_c.jpg,https://live.staticflickr.com/1348/1454082073_5e4782ce4d_c.jpg
7885843104_2a8248eafe_c.jpg,https://live.staticflickr.com/8181/7885843104_2a8248eafe_c.jpg
12581868_efe757a29a_c.jpg,https://live.staticflickr.com/10/12581868_efe757a29a_c.jpg
3883593075_52523bf5b7_c.jpg,https://live.staticflickr.com/2623/3883593075_52523bf5b7_c.jpg
2343799044_ea8a763946_c.jpg,https://live.staticflickr.com/3159/2343799044_ea8a763946_c.jpg
5031726643_66ec4700d3_c.jpg,https://live.staticflickr.com/4153/5031726643_66ec4700d3_c.jpg
2306518679_a6619f0f5d_c.jpg,https://live.staticflickr.com/2170/2306518679_a6619f0f5d_c.jpg
10525723005_c0e0d05940_c.jpg,https://live.staticflickr.com/3670/10525723005_c0e0d05940_c.jpg
3806578741_dccc7c6ced_c.jpg,https://live.staticflickr.com/2604/3806578741_dccc7c6ced_c.jpg
11724354294_66e4b66d8a_c.jpg,https://live.staticflickr.com/7355/11724354294_66e4b66d8a_c.jpg
208615889_7db4430dd5_c.jpg,https://live.staticflickr.com/76/208615889_7db4430dd5_c.jpg
208615881_3067da081b_c.jpg,https://live.staticflickr.com/70/208615881_3067da081b_c.jpg
11724242673_a4116186f0_c.jpg,https://live.staticflickr.com/7354/11724242673_a4116186f0_c.jpg
208621377_f8cca71248_c.jpg,https://live.staticflickr.com/81/208621377_f8cca71248_c.jpg
4257915500_f2a1eb1ccf_c.jpg,https://live.staticflickr.com/4029/4257915500_f2a1eb1ccf_c.jpg
177953743_0848f85368_c.jpg,https://live.staticflickr.com/54/177953743_0848f85368_c.jpg
3284650265_86a42a5a90_c.jpg,https://live.staticflickr.com/3395/3284650265_86a42a5a90_c.jpg
4257915094_846cd9413f_c.jpg,https://live.staticflickr.com/2734/4257915094_846cd9413f_c.jpg
8505154129_0a6a0ecc65_c.jpg,https://live.staticflickr.com/8105/8505154129_0a6a0ecc65_c.jpg
2768750821_8db26a0504_c.jpg,https://live.staticflickr.com/3263/2768750821_8db26a0504_c.jpg
4612851928_59328b79b0_c.jpg,https://live.staticflickr.com/3368/4612851928_59328b79b0_c.jpg
4078504294_ebc95122f1_c.jpg,https://live.staticflickr.com/2785/4078504294_ebc95122f1_c.jpg
269072143_56435ca438_c.jpg,https://live.staticflickr.com/91/269072143_56435ca438_c.jpg
19443828955_f608e1a8dc_c.jpg,https://live.staticflickr.com/345/19443828955_f608e1a8dc_c.jpg
13839578233_0756414aac_c.jpg,https://live.staticflickr.com/7160/13839578233_0756414aac_c.jpg
49058255606_7757167825_c.jpg,https://live.staticflickr.com/65535/49058255606_7757167825_c.jpg
2268213936_33184ed0ec_c.jpg,https://live.staticflickr.com/2271/2268213936_33184ed0ec_c.jpg
232215982_54b3c9be4a_c.jpg,https://live.staticflickr.com/82/232215982_54b3c9be4a_c.jpg
4257156699_b7180d0220_c.jpg,https://live.staticflickr.com/2799/4257156699_b7180d0220_c.jpg
12898312034_b90d062c9d_c.jpg,https://live.staticflickr.com/3678/12898312034_b90d062c9d_c.jpg
269072165_b73c2225dc_c.jpg,https://live.staticflickr.com/86/269072165_b73c2225dc_c.jpg
6070461891_2eb340dd69_c.jpg,https://live.staticflickr.com/6078/6070461891_2eb340dd69_c.jpg
43653505464_35d4fb39a1_c.jpg,https://live.staticflickr.com/1891/43653505464_35d4fb39a1_c.jpg
3489390385_dbe528414b_c.jpg,https://live.staticflickr.com/3643/3489390385_dbe528414b_c.jpg
126290142_e08dd54510_c.jpg,https://live.staticflickr.com/21/126290142_e08dd54510_c.jpg
4140290001_ed63ed9116_c.jpg,https://live.staticflickr.com/2725/4140290001_ed63ed9116_c.jpg
3860606281_87db233163_c.jpg,https://live.staticflickr.com/2655/3860606281_87db233163_c.jpg
7757946146_34bc859498_c.jpg,https://live.staticflickr.com/8432/7757946146_34bc859498_c.jpg
8551338162_7bbf253b27_c.jpg,https://live.staticflickr.com/8526/8551338162_7bbf253b27_c.jpg
2547686979_44f56fd7ef_c.jpg,https://live.staticflickr.com/3154/2547686979_44f56fd7ef_c.jpg
9413306513_90695270fd_c.jpg,https://live.staticflickr.com/5465/9413306513_90695270fd_c.jpg
8080077077_70517571d2_c.jpg,https://live.staticflickr.com/8187/8080077077_70517571d2_c.jpg
4960600108_5230ddd91b_c.jpg,https://live.staticflickr.com/4151/4960600108_5230ddd91b_c.jpg
5019148357_097f3b9a49_c.jpg,https://live.staticflickr.com/4124/5019148357_097f3b9a49_c.jpg
3832471429_7c0cff9c38_c.jpg,https://live.staticflickr.com/3456/3832471429_7c0cff9c38_c.jpg
3832469953_4a2f3b42cc_c.jpg,https://live.staticflickr.com/2470/3832469953_4a2f3b42cc_c.jpg
4795391047_d16f4e32f6_c.jpg,https://live.staticflickr.com/4143/4795391047_d16f4e32f6_c.jpg
8464627683_652d10217e_c.jpg,https://live.staticflickr.com/8511/8464627683_652d10217e_c.jpg
532297592_f192c52655_c.jpg,https://live.staticflickr.com/1190/532297592_f192c52655_c.jpg
3833264398_147694fbcb_c.jpg,https://live.staticflickr.com/2654/3833264398_147694fbcb_c.jpg
3562021956_f03a9121ae_c.jpg,https://live.staticflickr.com/3323/3562021956_f03a9121ae_c.jpg
3832470115_c1aca1cbdd_c.jpg,https://live.staticflickr.com/3512/3832470115_c1aca1cbdd_c.jpg
46370277074_953795d775_c.jpg,https://live.staticflickr.com/7911/46370277074_953795d775_c.jpg
137318945_ea9e033220_c.jpg,https://live.staticflickr.com/44/137318945_ea9e033220_c.jpg
5314541081_88a04cc06e_c.jpg,https://live.staticflickr.com/5128/5314541081_88a04cc06e_c.jpg
4990818723_46eccb57c7_c.jpg,https://live.staticflickr.com/4106/4990818723_46eccb57c7_c.jpg
125127383_6bb1cb22ec_c.jpg,https://live.staticflickr.com/39/125127383_6bb1cb22ec_c.jpg
4960599218_f7ac5a21a4_c.jpg,https://live.staticflickr.com/4106/4960599218_f7ac5a21a4_c.jpg
1550827465_9813343e1e_c.jpg,https://live.staticflickr.com/2111/1550827465_9813343e1e_c.jpg
4960601618_5296749830_c.jpg,https://live.staticflickr.com/4145/4960601618_5296749830_c.jpg
4960006293_eab7aa4f20_c.jpg,https://live.staticflickr.com/4084/4960006293_eab7aa4f20_c.jpg
4960599832_a855642e19_c.jpg,https://live.staticflickr.com/4104/4960599832_a855642e19_c.jpg
3464050746_9dc0f08f15_c.jpg,https://live.staticflickr.com/3483/3464050746_9dc0f08f15_c.jpg
3832469729_2bc6934e8b_c.jpg,https://live.staticflickr.com/3469/3832469729_2bc6934e8b_c.jpg
4919643695_908958eec1_c.jpg,https://live.staticflickr.com/4139/4919643695_908958eec1_c.jpg
2048148189_26d999258c_c.jpg,https://live.staticflickr.com/2305/2048148189_26d999258c_c.jpg
21370907261_02157040fa_c.jpg,https://live.staticflickr.com/5652/21370907261_02157040fa_c.jpg
4960005793_2aa2a8212e_c.jpg,https://live.staticflickr.com/4133/4960005793_2aa2a8212e_c.jpg
2748804098_14bb0a5be2_c.jpg,https://live.staticflickr.com/3181/2748804098_14bb0a5be2_c.jpg
4934005484_87e19763d0_c.jpg,https://live.staticflickr.com/4078/4934005484_87e19763d0_c.jpg
43225907545_99d24b7334_c.jpg,https://live.staticflickr.com/1842/43225907545_99d24b7334_c.jpg
4834268925_37e9b6a7c8_c.jpg,https://live.staticflickr.com/4107/4834268925_37e9b6a7c8_c.jpg
318539114_b9c2075abc_c.jpg,https://live.staticflickr.com/143/318539114_b9c2075abc_c.jpg
3832469479_41b60783b6_c.jpg,https://live.staticflickr.com/3459/3832469479_41b60783b6_c.jpg
2411907608_0572435e43_c.jpg,https://live.staticflickr.com/3271/2411907608_0572435e43_c.jpg
6945232471_142d530be5_c.jpg,https://live.staticflickr.com/7179/6945232471_142d530be5_c.jpg
32577396335_a66de5e18e_c.jpg,https://live.staticflickr.com/594/32577396335_a66de5e18e_c.jpg
38997098_2063ca307b_c.jpg,https://live.staticflickr.com/25/38997098_2063ca307b_c.jpg
2084010647_998b9cd746_c.jpg,https://live.staticflickr.com/2216/2084010647_998b9cd746_c.jpg
3744600271_f335d65615_c.jpg,https://live.staticflickr.com/3467/3744600271_f335d65615_c.jpg
57066633_6c5b1142b7_c.jpg,https://live.staticflickr.com/30/57066633_6c5b1142b7_c.jpg
966641923_849d609caf_c.jpg,https://live.staticflickr.com/1402/966641923_849d609caf_c.jpg
1477250927_5d0377a551_c.jpg,https://live.staticflickr.com/1013/1477250927_5d0377a551_c.jpg
3053385277_6607fdca1f_c.jpg,https://live.staticflickr.com/3040/3053385277_6607fdca1f_c.jpg
3064290221_53e5080e6b_c.jpg,https://live.staticflickr.com/3283/3064290221_53e5080e6b_c.jpg
2837757145_cba657ab0e_c.jpg,https://live.staticflickr.com/3255/2837757145_cba657ab0e_c.jpg
6572485373_ca2f7b1b6a_c.jpg,https://live.staticflickr.com/7157/6572485373_ca2f7b1b6a_c.jpg
4605777014_29bcc3a213_c.jpg,https://live.staticflickr.com/4020/4605777014_29bcc3a213_c.jpg
3774039023_3929a07604_c.jpg,https://live.staticflickr.com/3433/3774039023_3929a07604_c.jpg
4973297238_594bde1a59_c.jpg,https://live.staticflickr.com/4147/4973297238_594bde1a59_c.jpg
48122384078_a5f3440665_c.jpg,https://live.staticflickr.com/65535/48122384078_a5f3440665_c.jpg
1055103022_6e84a0a88c_c.jpg,https://live.staticflickr.com/1032/1055103022_6e84a0a88c_c.jpg
47353089461_146bb5bb20_c.jpg,https://live.staticflickr.com/7912/47353089461_146bb5bb20_c.jpg
28371822035_b8937758af_c.jpg,https://live.staticflickr.com/8848/28371822035_b8937758af_c.jpg
49288354713_5322e75e66_c.jpg,https://live.staticflickr.com/65535/49288354713_5322e75e66_c.jpg
34302761891_f996564ef1_c.jpg,https://live.staticflickr.com/2857/34302761891_f996564ef1_c.jpg
223528363_330059c6b9_c.jpg,https://live.staticflickr.com/97/223528363_330059c6b9_c.jpg
23640277315_e32778aa9a_c.jpg,https://live.staticflickr.com/5687/23640277315_e32778aa9a_c.jpg
40875953685_3064e03591_c.jpg,https://live.staticflickr.com/954/40875953685_3064e03591_c.jpg
366318572_50eb07cf2f_c.jpg,https://live.staticflickr.com/94/366318572_50eb07cf2f_c.jpg
2456899931_539781e4d3_c.jpg,https://live.staticflickr.com/3138/2456899931_539781e4d3_c.jpg
48814320538_cce00f66e3_c.jpg,https://live.staticflickr.com/65535/48814320538_cce00f66e3_c.jpg
120241894_43eb2872d4_c.jpg,https://live.staticflickr.com/34/120241894_43eb2872d4_c.jpg
49698935221_7396573956_c.jpg,https://live.staticflickr.com/65535/49698935221_7396573956_c.jpg
15506972161_39c26572bb_c.jpg,https://live.staticflickr.com/5609/15506972161_39c26572bb_c.jpg
3888049398_d4f6164cbb_c.jpg,https://live.staticflickr.com/2585/3888049398_d4f6164cbb_c.jpg
8011514526_3918bea862_c.jpg,https://live.staticflickr.com/8456/8011514526_3918bea862_c.jpg
11187134094_cef81af49f_c.jpg,https://live.staticflickr.com/3681/11187134094_cef81af49f_c.jpg
4339122547_f20459e6aa_c.jpg,https://live.staticflickr.com/4071/4339122547_f20459e6aa_c.jpg
4339124533_d3efa04e23_c.jpg,https://live.staticflickr.com/2800/4339124533_d3efa04e23_c.jpg
35463077136_2470cd4ec6_c.jpg,https://live.staticflickr.com/4216/35463077136_2470cd4ec6_c.jpg
3223288143_48303d78aa_c.jpg,https://live.staticflickr.com/3418/3223288143_48303d78aa_c.jpg
3397166533_3a90766a9e_c.jpg,https://live.staticflickr.com/3551/3397166533_3a90766a9e_c.jpg
29579630698_e551549505_c.jpg,https://live.staticflickr.com/1762/29579630698_e551549505_c.jpg
4339123635_506feba555_c.jpg,https://live.staticflickr.com/2720/4339123635_506feba555_c.jpg
4339865752_5b2114cf04_c.jpg,https://live.staticflickr.com/2705/4339865752_5b2114cf04_c.jpg
4339120007_a143e83dc1_c.jpg,https://live.staticflickr.com/4026/4339120007_a143e83dc1_c.jpg
193681727_10e9dd853f_c.jpg,https://live.staticflickr.com/58/193681727_10e9dd853f_c.jpg
4339091639_a4a0af63c7_c.jpg,https://live.staticflickr.com/4060/4339091639_a4a0af63c7_c.jpg
4339864906_f45dbaaf92_c.jpg,https://live.staticflickr.com/4056/4339864906_f45dbaaf92_c.jpg
10482454634_9d6f97c2d9_c.jpg,https://live.staticflickr.com/5544/10482454634_9d6f97c2d9_c.jpg
22815474392_9c8f7f9d35_c.jpg,https://live.staticflickr.com/726/22815474392_9c8f7f9d35_c.jpg
32455245954_42102cb2d3_c.jpg,https://live.staticflickr.com/3674/32455245954_42102cb2d3_c.jpg
17082984119_fbb20e83b8_c.jpg,https://live.staticflickr.com/8803/17082984119_fbb20e83b8_c.jpg
15177059389_103b7f03c1_c.jpg,https://live.staticflickr.com/3887/15177059389_103b7f03c1_c.jpg
4339834478_06485c8695_c.jpg,https://live.staticflickr.com/2685/4339834478_06485c8695_c.jpg
49839184943_3acb176270_c.jpg,https://live.staticflickr.com/65535/49839184943_3acb176270_c.jpg
48660125936_71523206da_c.jpg,https://live.staticflickr.com/65535/48660125936_71523206da_c.jpg
4768803356_82a98f512f_c.jpg,https://live.staticflickr.com/4117/4768803356_82a98f512f_c.jpg
35679748405_f5b409c224_c.jpg,https://live.staticflickr.com/4212/35679748405_f5b409c224_c.jpg
3336481947_e1044e25bd_c.jpg,https://live.staticflickr.com/3346/3336481947_e1044e25bd_c.jpg
5953552615_d847cb0413_c.jpg,https://live.staticflickr.com/6006/5953552615_d847cb0413_c.jpg
5953554073_dc010d14e5_c.jpg,https://live.staticflickr.com/6004/5953554073_dc010d14e5_c.jpg
4170332333_e835c7b9b3_c.jpg,https://live.staticflickr.com/2541/4170332333_e835c7b9b3_c.jpg
48279253932_e6af6124e2_c.jpg,https://live.staticflickr.com/65535/48279253932_e6af6124e2_c.jpg
6356718987_35f20bcf71_c.jpg,https://live.staticflickr.com/6101/6356718987_35f20bcf71_c.jpg
6678318353_5b0940f2e6_c.jpg,https://live.staticflickr.com/7013/6678318353_5b0940f2e6_c.jpg
3207577030_5785bfa956_c.jpg,https://live.staticflickr.com/3104/3207577030_5785bfa956_c.jpg
4954024857_512e6bd672_c.jpg,https://live.staticflickr.com/4128/4954024857_512e6bd672_c.jpg
5954112678_e021990702_c.jpg,https://live.staticflickr.com/6128/5954112678_e021990702_c.jpg
3206732299_02f00eb57a_c.jpg,https://live.staticflickr.com/3407/3206732299_02f00eb57a_c.jpg
73987721_c3ed8f2ac9_c.jpg,https://live.staticflickr.com/20/73987721_c3ed8f2ac9_c.jpg
14352754457_cc804701a6_c.jpg,https://live.staticflickr.com/3872/14352754457_cc804701a6_c.jpg
322385704_eaef56d3bc_c.jpg,https://live.staticflickr.com/140/322385704_eaef56d3bc_c.jpg
5608995375_a0c9757a22_c.jpg,https://live.staticflickr.com/5309/5608995375_a0c9757a22_c.jpg
8533550110_ff647aa3b7_c.jpg,https://live.staticflickr.com/8389/8533550110_ff647aa3b7_c.jpg
5953557835_4e21aac064_c.jpg,https://live.staticflickr.com/6028/5953557835_4e21aac064_c.jpg
5953550995_6fef51bf91_c.jpg,https://live.staticflickr.com/6005/5953550995_6fef51bf91_c.jpg
41400255284_9412bc3ea9_c.jpg,https://live.staticflickr.com/959/41400255284_9412bc3ea9_c.jpg
5954109582_df7b71dac3_c.jpg,https://live.staticflickr.com/6008/5954109582_df7b71dac3_c.jpg
6356715293_0544cf308a_c.jpg,https://live.staticflickr.com/6091/6356715293_0544cf308a_c.jpg
6998712363_f32d637c87_c.jpg,https://live.staticflickr.com/7189/6998712363_f32d637c87_c.jpg
2697343607_bde5f758e5_c.jpg,https://live.staticflickr.com/3111/2697343607_bde5f758e5_c.jpg
5954113684_a14d0690fb_c.jpg,https://live.staticflickr.com/6135/5954113684_a14d0690fb_c.jpg
6356717369_350ba974ef_c.jpg,https://live.staticflickr.com/6115/6356717369_350ba974ef_c.jpg
5953556959_abd2d7d426_c.jpg,https://live.staticflickr.com/6148/5953556959_abd2d7d426_c.jpg
44827958294_51be65b6a9_c.jpg,https://live.staticflickr.com/1973/44827958294_51be65b6a9_c.jpg
18760209_e290e7127f_c.jpg,https://live.staticflickr.com/12/18760209_e290e7127f_c.jpg
1791635730_3715ded7bb_c.jpg,https://live.staticflickr.com/2258/1791635730_3715ded7bb_c.jpg
18760208_8d891baa4d_c.jpg,https://live.staticflickr.com/12/18760208_8d891baa4d_c.jpg
2696550125_2c442b09e3_c.jpg,https://live.staticflickr.com/3195/2696550125_2c442b09e3_c.jpg
3514735805_ae29f01e51_c.jpg,https://live.staticflickr.com/3387/3514735805_ae29f01e51_c.jpg
42926686920_d371ccc70c_c.jpg,https://live.staticflickr.com/1856/42926686920_d371ccc70c_c.jpg
73987723_054c169ad1_c.jpg,https://live.staticflickr.com/38/73987723_054c169ad1_c.jpg
84036274_7dce2ded8d_c.jpg,https://live.staticflickr.com/43/84036274_7dce2ded8d_c.jpg
1915467_243d68f193_c.jpg,https://live.staticflickr.com/2/1915467_243d68f193_c.jpg
2830594366_29a762a800_c.jpg,https://live.staticflickr.com/3267/2830594366_29a762a800_c.jpg
36300854674_57a49e7b01_c.jpg,https://live.staticflickr.com/4385/36300854674_57a49e7b01_c.jpg
3526522241_e0348b17a6_c.jpg,https://live.staticflickr.com/2345/3526522241_e0348b17a6_c.jpg
8051542677_3c7ba4fb34_c.jpg,https://live.staticflickr.com/8449/8051542677_3c7ba4fb34_c.jpg
5713000469_a4326066c5_c.jpg,https://live.staticflickr.com/2497/5713000469_a4326066c5_c.jpg
5327467218_bb9c37b753_c.jpg,https://live.staticflickr.com/5084/5327467218_bb9c37b753_c.jpg
37155796976_93a69e3146_c.jpg,https://live.staticflickr.com/4394/37155796976_93a69e3146_c.jpg
208587425_5937458061_c.jpg,https://live.staticflickr.com/89/208587425_5937458061_c.jpg
15922292027_8172e2ed7b_c.jpg,https://live.staticflickr.com/7517/15922292027_8172e2ed7b_c.jpg
30301604217_c9c0dbe3f5_c.jpg,https://live.staticflickr.com/1955/30301604217_c9c0dbe3f5_c.jpg
20233297553_b4051892d3_c.jpg,https://live.staticflickr.com/5700/20233297553_b4051892d3_c.jpg
73987724_41bfa38a93_c.jpg,https://live.staticflickr.com/43/73987724_41bfa38a93_c.jpg
3205691537_f0abc77156_c.jpg,https://live.staticflickr.com/3427/3205691537_f0abc77156_c.jpg
15488329703_87db6cb974_c.jpg,https://live.staticflickr.com/7572/15488329703_87db6cb974_c.jpg
5851345899_9683b8d400_c.jpg,https://live.staticflickr.com/5264/5851345899_9683b8d400_c.jpg
84782306_521b543820_c.jpg,https://live.staticflickr.com/36/84782306_521b543820_c.jpg
32522670115_460105f9f0_c.jpg,https://live.staticflickr.com/377/32522670115_460105f9f0_c.jpg
5844689744_1505f21ded_c.jpg,https://live.staticflickr.com/3538/5844689744_1505f21ded_c.jpg
15921963049_2ae215c516_c.jpg,https://live.staticflickr.com/8624/15921963049_2ae215c516_c.jpg
5236465274_801263d8c5_c.jpg,https://live.staticflickr.com/5089/5236465274_801263d8c5_c.jpg
5880316502_d5d7102ed3_c.jpg,https://live.staticflickr.com/5076/5880316502_d5d7102ed3_c.jpg
15426346335_a2a04259f5_c.jpg,https://live.staticflickr.com/3928/15426346335_a2a04259f5_c.jpg
15485711784_490170e0e3_c.jpg,https://live.staticflickr.com/8658/15485711784_490170e0e3_c.jpg
14404220555_88ff51266a_c.jpg,https://live.staticflickr.com/2939/14404220555_88ff51266a_c.jpg
2865880569_5a0758b0fc_c.jpg,https://live.staticflickr.com/3051/2865880569_5a0758b0fc_c.jpg
2740256809_9dcde7c1b4_c.jpg,https://live.staticflickr.com/3138/2740256809_9dcde7c1b4_c.jpg
14255141003_12559ec38f_c.jpg,https://live.staticflickr.com/5035/14255141003_12559ec38f_c.jpg
414175654_e82c98b929_c.jpg,https://live.staticflickr.com/178/414175654_e82c98b929_c.jpg
8515303811_ae07dd3e27_c.jpg,https://live.staticflickr.com/8381/8515303811_ae07dd3e27_c.jpg
338228520_fbafd2030a_c.jpg,https://live.staticflickr.com/136/338228520_fbafd2030a_c.jpg
89124189_364c5c05e6_c.jpg,https://live.staticflickr.com/32/89124189_364c5c05e6_c.jpg
152867782_b97b21a378_c.jpg,https://live.staticflickr.com/58/152867782_b97b21a378_c.jpg
15749739306_8c3311c9ea_c.jpg,https://live.staticflickr.com/8398/15749739306_8c3311c9ea_c.jpg
15239572129_412a7b40a3_c.jpg,https://live.staticflickr.com/3930/15239572129_412a7b40a3_c.jpg
15239655350_5c5a182516_c.jpg,https://live.staticflickr.com/2949/15239655350_5c5a182516_c.jpg
4585808659_882bf617f7_c.jpg,https://live.staticflickr.com/4058/4585808659_882bf617f7_c.jpg
85105282_1363b1e8db_c.jpg,https://live.staticflickr.com/9/85105282_1363b1e8db_c.jpg
2180525580_4af758d919_c.jpg,https://live.staticflickr.com/2405/2180525580_4af758d919_c.jpg
7267685254_cb50273e6c_c.jpg,https://live.staticflickr.com/8019/7267685254_cb50273e6c_c.jpg
15239660450_6b7b815a7d_c.jpg,https://live.staticflickr.com/3936/15239660450_6b7b815a7d_c.jpg
15239573339_9b49a09608_c.jpg,https://live.staticflickr.com/5599/15239573339_9b49a09608_c.jpg
15425997192_3e770c925a_c.jpg,https://live.staticflickr.com/2946/15425997192_3e770c925a_c.jpg
1938494_7f678e3564_c.jpg,https://live.staticflickr.com/2/1938494_7f678e3564_c.jpg
7903232396_59c2ce3ca4_c.jpg,https://live.staticflickr.com/8295/7903232396_59c2ce3ca4_c.jpg
152867786_55a9d4d944_c.jpg,https://live.staticflickr.com/44/152867786_55a9d4d944_c.jpg
26838884380_1a2d264ec2_c.jpg,https://live.staticflickr.com/7782/26838884380_1a2d264ec2_c.jpg
15403280586_64caf4a9e2_c.jpg,https://live.staticflickr.com/2947/15403280586_64caf4a9e2_c.jpg
15239798417_3866f80d4b_c.jpg,https://live.staticflickr.com/3932/15239798417_3866f80d4b_c.jpg
152867789_69bbdec028_c.jpg,https://live.staticflickr.com/47/152867789_69bbdec028_c.jpg
15426335495_3fda2c806d_c.jpg,https://live.staticflickr.com/2949/15426335495_3fda2c806d_c.jpg
15239747438_de68fcdc8b_c.jpg,https://live.staticflickr.com/5597/15239747438_de68fcdc8b_c.jpg
9847380936_9f8f9e77ac_c.jpg,https://live.staticflickr.com/5524/9847380936_9f8f9e77ac_c.jpg
15403287026_af497fdc61_c.jpg,https://live.staticflickr.com/3936/15403287026_af497fdc61_c.jpg
7022076141_8c9aabf447_c.jpg,https://live.staticflickr.com/6105/7022076141_8c9aabf447_c.jpg
3976300898_008fb31c50_c.jpg,https://live.staticflickr.com/2479/3976300898_008fb31c50_c.jpg
12330099994_0d7dccf193_c.jpg,https://live.staticflickr.com/7366/12330099994_0d7dccf193_c.jpg
3580106063_99bab91738_c.jpg,https://live.staticflickr.com/3638/3580106063_99bab91738_c.jpg
46693638692_c2e1df8770_c.jpg,https://live.staticflickr.com/7915/46693638692_c2e1df8770_c.jpg
152867791_2dd7445c56_c.jpg,https://live.staticflickr.com/64/152867791_2dd7445c56_c.jpg
3511481398_a7fc5306b9_c.jpg,https://live.staticflickr.com/3319/3511481398_a7fc5306b9_c.jpg
5225840806_9bb8b90517_c.jpg,https://live.staticflickr.com/5004/5225840806_9bb8b90517_c.jpg
19766601282_e44ffb5b87_c.jpg,https://live.staticflickr.com/344/19766601282_e44ffb5b87_c.jpg
8098969148_60825b58e0_c.jpg,https://live.staticflickr.com/8049/8098969148_60825b58e0_c.jpg
1713100340_75c5ef4a2a_c.jpg,https://live.staticflickr.com/2019/1713100340_75c5ef4a2a_c.jpg
25915018180_0d429a28c2_c.jpg,https://live.staticflickr.com/1591/25915018180_0d429a28c2_c.jpg
152867787_fad105980d_c.jpg,https://live.staticflickr.com/51/152867787_fad105980d_c.jpg
5806261549_683a096c96_c.jpg,https://live.staticflickr.com/3150/5806261549_683a096c96_c.jpg
5806824106_34571f181c_c.jpg,https://live.staticflickr.com/5071/5806824106_34571f181c_c.jpg
5806817920_079716c53e_c.jpg,https://live.staticflickr.com/2582/5806817920_079716c53e_c.jpg
152867784_084fcee949_c.jpg,https://live.staticflickr.com/53/152867784_084fcee949_c.jpg
5806258891_ae69b3e2de_c.jpg,https://live.staticflickr.com/3213/5806258891_ae69b3e2de_c.jpg
14410998287_31de7b7680_c.jpg,https://live.staticflickr.com/3900/14410998287_31de7b7680_c.jpg
5806827112_36f649d7c2_c.jpg,https://live.staticflickr.com/3450/5806827112_36f649d7c2_c.jpg
2038507718_a9cc323f7e_c.jpg,https://live.staticflickr.com/2261/2038507718_a9cc323f7e_c.jpg
3207582550_38df62405f_c.jpg,https://live.staticflickr.com/3481/3207582550_38df62405f_c.jpg
5806834242_47ae1e7dbb_c.jpg,https://live.staticflickr.com/3239/5806834242_47ae1e7dbb_c.jpg
4063562767_552950c57f_c.jpg,https://live.staticflickr.com/2552/4063562767_552950c57f_c.jpg
5806821902_70bbbd0624_c.jpg,https://live.staticflickr.com/5262/5806821902_70bbbd0624_c.jpg
3207579576_17b5bd1014_c.jpg,https://live.staticflickr.com/3309/3207579576_17b5bd1014_c.jpg
350061530_8cc053a436_c.jpg,https://live.staticflickr.com/145/350061530_8cc053a436_c.jpg
5806267515_bc8a4e4aa2_c.jpg,https://live.staticflickr.com/2102/5806267515_bc8a4e4aa2_c.jpg
5806264949_d208f05c4d_c.jpg,https://live.staticflickr.com/5306/5806264949_d208f05c4d_c.jpg
3145478813_3c96cdaf3f_c.jpg,https://live.staticflickr.com/3119/3145478813_3c96cdaf3f_c.jpg
5806833270_1e316c2e14_c.jpg,https://live.staticflickr.com/2787/5806833270_1e316c2e14_c.jpg
1727860966_27ecb2689a_c.jpg,https://live.staticflickr.com/2391/1727860966_27ecb2689a_c.jpg
3889985459_79af2bc2ec_c.jpg,https://live.staticflickr.com/2632/3889985459_79af2bc2ec_c.jpg
8730180934_150fdaa43b_c.jpg,https://live.staticflickr.com/7311/8730180934_150fdaa43b_c.jpg
1022567200_d04e521224_c.jpg,https://live.staticflickr.com/1372/1022567200_d04e521224_c.jpg
5806260197_1a2e939523_c.jpg,https://live.staticflickr.com/3613/5806260197_1a2e939523_c.jpg
5806265369_473c9b7611_c.jpg,https://live.staticflickr.com/3627/5806265369_473c9b7611_c.jpg
36250743372_2cd3caab32_c.jpg,https://live.staticflickr.com/4432/36250743372_2cd3caab32_c.jpg
5806259309_90b6ef1591_c.jpg,https://live.staticflickr.com/2202/5806259309_90b6ef1591_c.jpg
5806263269_edf3454f88_c.jpg,https://live.staticflickr.com/5075/5806263269_edf3454f88_c.jpg
43540501645_eda56fa5f1_c.jpg,https://live.staticflickr.com/1886/43540501645_eda56fa5f1_c.jpg
5806827964_9d074db118_c.jpg,https://live.staticflickr.com/2452/5806827964_9d074db118_c.jpg
5806827528_ac45bedaf5_c.jpg,https://live.staticflickr.com/3059/5806827528_ac45bedaf5_c.jpg
4529458707_c68e7b285d_c.jpg,https://live.staticflickr.com/4010/4529458707_c68e7b285d_c.jpg
5806261963_c5fc0d6acd_c.jpg,https://live.staticflickr.com/2524/5806261963_c5fc0d6acd_c.jpg
5806266605_8dd7b9b900_c.jpg,https://live.staticflickr.com/3143/5806266605_8dd7b9b900_c.jpg
5806269469_fa5bb0bdd6_c.jpg,https://live.staticflickr.com/3561/5806269469_fa5bb0bdd6_c.jpg
4586564431_83882405af_c.jpg,https://live.staticflickr.com/4043/4586564431_83882405af_c.jpg
5806824508_ef5d0847fb_c.jpg,https://live.staticflickr.com/5021/5806824508_ef5d0847fb_c.jpg
23527185286_459fe930e2_c.jpg,https://live.staticflickr.com/734/23527185286_459fe930e2_c.jpg
5806821418_d8ed467fef_c.jpg,https://live.staticflickr.com/5232/5806821418_d8ed467fef_c.jpg
15239585989_926ff39572_c.jpg,https://live.staticflickr.com/3935/15239585989_926ff39572_c.jpg
5371171292_9f95d909ff_c.jpg,https://live.staticflickr.com/5288/5371171292_9f95d909ff_c.jpg
27616983115_fe55cd36f6_c.jpg,https://live.staticflickr.com/7278/27616983115_fe55cd36f6_c.jpg
2179147484_c3634a092b_c.jpg,https://live.staticflickr.com/2125/2179147484_c3634a092b_c.jpg
19485905930_7c977c6af5_c.jpg,https://live.staticflickr.com/422/19485905930_7c977c6af5_c.jpg
15806582635_79fcb535b1_c.jpg,https://live.staticflickr.com/5603/15806582635_79fcb535b1_c.jpg
24366830722_02e332982f_c.jpg,https://live.staticflickr.com/1549/24366830722_02e332982f_c.jpg
5806823304_bcbdb29bcd_c.jpg,https://live.staticflickr.com/2533/5806823304_bcbdb29bcd_c.jpg
120517232_54a587a8c5_c.jpg,https://live.staticflickr.com/55/120517232_54a587a8c5_c.jpg
7903230508_fdf7c96bf7_c.jpg,https://live.staticflickr.com/8313/7903230508_fdf7c96bf7_c.jpg
5806268499_69933ed18f_c.jpg,https://live.staticflickr.com/3223/5806268499_69933ed18f_c.jpg
15403292276_be87b692ab_c.jpg,https://live.staticflickr.com/3933/15403292276_be87b692ab_c.jpg
94943536_14bc2a05f9_c.jpg,https://live.staticflickr.com/37/94943536_14bc2a05f9_c.jpg
39630191872_01d1c72714_c.jpg,https://live.staticflickr.com/4669/39630191872_01d1c72714_c.jpg
5806262895_4a7c1185b4_c.jpg,https://live.staticflickr.com/3437/5806262895_4a7c1185b4_c.jpg
15937541910_039f0b4a94_c.jpg,https://live.staticflickr.com/7461/15937541910_039f0b4a94_c.jpg
3561190863_af2ffda4ee_c.jpg,https://live.staticflickr.com/3309/3561190863_af2ffda4ee_c.jpg
5806831432_13fe691428_c.jpg,https://live.staticflickr.com/2679/5806831432_13fe691428_c.jpg
3292904553_1fab9fdfc0_c.jpg,https://live.staticflickr.com/3475/3292904553_1fab9fdfc0_c.jpg
4270827705_a71833ab15_c.jpg,https://live.staticflickr.com/4058/4270827705_a71833ab15_c.jpg
5806825828_56fcdd1877_c.jpg,https://live.staticflickr.com/3108/5806825828_56fcdd1877_c.jpg
2627731186_e874873302_c.jpg,https://live.staticflickr.com/3014/2627731186_e874873302_c.jpg
49448123381_8ef70a002a_c.jpg,https://live.staticflickr.com/65535/49448123381_8ef70a002a_c.jpg
5806266159_8f5fecb017_c.jpg,https://live.staticflickr.com/3274/5806266159_8f5fecb017_c.jpg
50188801786_b3d14860ce_c.jpg,https://live.staticflickr.com/65535/50188801786_b3d14860ce_c.jpg
3007836085_34244884f4_c.jpg,https://live.staticflickr.com/3137/3007836085_34244884f4_c.jpg
4194450331_ba0a50e928_c.jpg,https://live.staticflickr.com/4012/4194450331_ba0a50e928_c.jpg
9413305075_37c8c181c8_c.jpg,https://live.staticflickr.com/7333/9413305075_37c8c181c8_c.jpg
3850401991_e7e0c3a77e_c.jpg,https://live.staticflickr.com/2110/3850401991_e7e0c3a77e_c.jpg
8361675266_010ee668dd_c.jpg,https://live.staticflickr.com/8082/8361675266_010ee668dd_c.jpg
5328910165_ccd80ef844_c.jpg,https://live.staticflickr.com/5050/5328910165_ccd80ef844_c.jpg
20359005744_69458dff3e_c.jpg,https://live.staticflickr.com/606/20359005744_69458dff3e_c.jpg
3231895036_0d60e2a626_c.jpg,https://live.staticflickr.com/3262/3231895036_0d60e2a626_c.jpg
2377596027_926001e3aa_c.jpg,https://live.staticflickr.com/3231/2377596027_926001e3aa_c.jpg
8361675416_f6200f8b05_c.jpg,https://live.staticflickr.com/8186/8361675416_f6200f8b05_c.jpg
286393874_450aa74523_c.jpg,https://live.staticflickr.com/115/286393874_450aa74523_c.jpg
2615437203_f3c4820f60_c.jpg,https://live.staticflickr.com/3137/2615437203_f3c4820f60_c.jpg
5806829288_4310474d84_c.jpg,https://live.staticflickr.com/5198/5806829288_4310474d84_c.jpg
8657035056_4c3e8610b0_c.jpg,https://live.staticflickr.com/8103/8657035056_4c3e8610b0_c.jpg
3368713661_b871053782_c.jpg,https://live.staticflickr.com/3447/3368713661_b871053782_c.jpg
20666285108_320692d451_c.jpg,https://live.staticflickr.com/5624/20666285108_320692d451_c.jpg
5806269001_1539ebe98d_c.jpg,https://live.staticflickr.com/3641/5806269001_1539ebe98d_c.jpg
5806830498_1eb500f6dd_c.jpg,https://live.staticflickr.com/5072/5806830498_1eb500f6dd_c.jpg
3976353024_d309a16794_c.jpg,https://live.staticflickr.com/2515/3976353024_d309a16794_c.jpg
32195688142_0c4f4e8121_c.jpg,https://live.staticflickr.com/395/32195688142_0c4f4e8121_c.jpg
4218837077_5d810e7dc1_c.jpg,https://live.staticflickr.com/4028/4218837077_5d810e7dc1_c.jpg
3829173261_a4142359b0_c.jpg,https://live.staticflickr.com/2604/3829173261_a4142359b0_c.jpg
14849342470_7b2efc7b3f_c.jpg,https://live.staticflickr.com/3851/14849342470_7b2efc7b3f_c.jpg
15314912284_81dabe30fa_c.jpg,https://live.staticflickr.com/8659/15314912284_81dabe30fa_c.jpg
26946633046_a9f239c223_c.jpg,https://live.staticflickr.com/7736/26946633046_a9f239c223_c.jpg
4440641299_00998fb44d_c.jpg,https://live.staticflickr.com/2758/4440641299_00998fb44d_c.jpg
40416604135_a4b6d287be_c.jpg,https://live.staticflickr.com/796/40416604135_a4b6d287be_c.jpg
1139313877_13e9b2aa6e_c.jpg,https://live.staticflickr.com/1092/1139313877_13e9b2aa6e_c.jpg
3497756645_12515bef30_c.jpg,https://live.staticflickr.com/3358/3497756645_12515bef30_c.jpg
39630511602_09eb79ff35_c.jpg,https://live.staticflickr.com/4715/39630511602_09eb79ff35_c.jpg
1239046810_4694bbfb5b_c.jpg,https://live.staticflickr.com/1173/1239046810_4694bbfb5b_c.jpg
2556689669_b004985d2a_c.jpg,https://live.staticflickr.com/3162/2556689669_b004985d2a_c.jpg
50100889266_58a973d0cd_c.jpg,https://live.staticflickr.com/65535/50100889266_58a973d0cd_c.jpg
7885337214_3d512823c3_c.jpg,https://live.staticflickr.com/8453/7885337214_3d512823c3_c.jpg
3154665337_0df358dfa5_c.jpg,https://live.staticflickr.com/3108/3154665337_0df358dfa5_c.jpg
3914095789_205e630571_c.jpg,https://live.staticflickr.com/3522/3914095789_205e630571_c.jpg
14849403148_e930239101_c.jpg,https://live.staticflickr.com/5590/14849403148_e930239101_c.jpg
370982873_2a50ee004a_c.jpg,https://live.staticflickr.com/146/370982873_2a50ee004a_c.jpg
15626939767_15db25fbdb_c.jpg,https://live.staticflickr.com/7565/15626939767_15db25fbdb_c.jpg
1135767117_c945f097b9_c.jpg,https://live.staticflickr.com/1103/1135767117_c945f097b9_c.jpg
120918116_1777778097_c.jpg,https://live.staticflickr.com/53/120918116_1777778097_c.jpg
470980124_580b244451_c.jpg,https://live.staticflickr.com/212/470980124_580b244451_c.jpg
3341582411_4757044d86_c.jpg,https://live.staticflickr.com/3404/3341582411_4757044d86_c.jpg
47970407_d8bca5f0dc_c.jpg,https://live.staticflickr.com/30/47970407_d8bca5f0dc_c.jpg
26011181651_87657be32e_c.jpg,https://live.staticflickr.com/1611/26011181651_87657be32e_c.jpg
3496220052_7ac30f940c_c.jpg,https://live.staticflickr.com/3016/3496220052_7ac30f940c_c.jpg
2529305259_5156045112_c.jpg,https://live.staticflickr.com/3103/2529305259_5156045112_c.jpg
3587155028_7ee009d58e_c.jpg,https://live.staticflickr.com/2458/3587155028_7ee009d58e_c.jpg
511553379_1cb00668c6_c.jpg,https://live.staticflickr.com/211/511553379_1cb00668c6_c.jpg
9425535205_194d25431a_c.jpg,https://live.staticflickr.com/3827/9425535205_194d25431a_c.jpg
5662322544_ed4970e951_c.jpg,https://live.staticflickr.com/5103/5662322544_ed4970e951_c.jpg
16467216570_75a65f5fb2_c.jpg,https://live.staticflickr.com/8584/16467216570_75a65f5fb2_c.jpg
2125791254_eacf1f4309_c.jpg,https://live.staticflickr.com/2291/2125791254_eacf1f4309_c.jpg
35469442742_f9b784ca3b_c.jpg,https://live.staticflickr.com/4062/35469442742_f9b784ca3b_c.jpg
53652077_5c954637a3_c.jpg,https://live.staticflickr.com/31/53652077_5c954637a3_c.jpg
8386387508_11fdd12e5f_c.jpg,https://live.staticflickr.com/8507/8386387508_11fdd12e5f_c.jpg
46325569395_98126daaa6_c.jpg,https://live.staticflickr.com/7872/46325569395_98126daaa6_c.jpg
14217646200_6f04c72d69_c.jpg,https://live.staticflickr.com/5506/14217646200_6f04c72d69_c.jpg
4242839103_7837e79485_c.jpg,https://live.staticflickr.com/4049/4242839103_7837e79485_c.jpg
7517543476_ec7666c5a0_c.jpg,https://live.staticflickr.com/7108/7517543476_ec7666c5a0_c.jpg
2982033674_30ea7ef096_c.jpg,https://live.staticflickr.com/3017/2982033674_30ea7ef096_c.jpg
50064661908_3d9dfa2eaf_c.jpg,https://live.staticflickr.com/65535/50064661908_3d9dfa2eaf_c.jpg
2056762590_d144a38306_c.jpg,https://live.staticflickr.com/2037/2056762590_d144a38306_c.jpg
15032398240_04cd554a0a_c.jpg,https://live.staticflickr.com/5558/15032398240_04cd554a0a_c.jpg
4364452076_f255e9e134_c.jpg,https://live.staticflickr.com/2692/4364452076_f255e9e134_c.jpg
322163537_a6543a4ad6_c.jpg,https://live.staticflickr.com/123/322163537_a6543a4ad6_c.jpg
38900974915_b918a71396_c.jpg,https://live.staticflickr.com/4611/38900974915_b918a71396_c.jpg
16203959238_907c3154eb_c.jpg,https://live.staticflickr.com/7447/16203959238_907c3154eb_c.jpg
6851950316_6565c5e320_c.jpg,https://live.staticflickr.com/7280/6851950316_6565c5e320_c.jpg
7597054624_cc955793d0_c.jpg,https://live.staticflickr.com/8021/7597054624_cc955793d0_c.jpg
2395110236_28c7ac800c_c.jpg,https://live.staticflickr.com/3239/2395110236_28c7ac800c_c.jpg
53456217_824558c101_c.jpg,https://live.staticflickr.com/32/53456217_824558c101_c.jpg
48612268268_190f160255_c.jpg,https://live.staticflickr.com/65535/48612268268_190f160255_c.jpg
4232361670_cf64e4958b_c.jpg,https://live.staticflickr.com/4004/4232361670_cf64e4958b_c.jpg
22549439911_ebccde064c_c.jpg,https://live.staticflickr.com/760/22549439911_ebccde064c_c.jpg
17383665075_576723e659_c.jpg,https://live.staticflickr.com/8728/17383665075_576723e659_c.jpg
3747147277_d56ef37bc4_c.jpg,https://live.staticflickr.com/2616/3747147277_d56ef37bc4_c.jpg
502637973_b613753a38_c.jpg,https://live.staticflickr.com/201/502637973_b613753a38_c.jpg
6576472329_082a2bf195_c.jpg,https://live.staticflickr.com/7026/6576472329_082a2bf195_c.jpg
9413305441_d0740179cc_c.jpg,https://live.staticflickr.com/3817/9413305441_d0740179cc_c.jpg
6280448309_c9194081cb_c.jpg,https://live.staticflickr.com/6231/6280448309_c9194081cb_c.jpg
4637568730_3fd87541ae_c.jpg,https://live.staticflickr.com/4029/4637568730_3fd87541ae_c.jpg
7033456045_78526e6589_c.jpg,https://live.staticflickr.com/7257/7033456045_78526e6589_c.jpg
2528481677_0bddb89809_c.jpg,https://live.staticflickr.com/3203/2528481677_0bddb89809_c.jpg
40900248574_6544b3a685_c.jpg,https://live.staticflickr.com/901/40900248574_6544b3a685_c.jpg
6501348953_28de43ff5c_c.jpg,https://live.staticflickr.com/7026/6501348953_28de43ff5c_c.jpg
9416022294_f7c7345cd3_c.jpg,https://live.staticflickr.com/7337/9416022294_f7c7345cd3_c.jpg
2007044_b76c1f9b13_c.jpg,https://live.staticflickr.com/2/2007044_b76c1f9b13_c.jpg
4194450287_7328d986a4_c.jpg,https://live.staticflickr.com/2524/4194450287_7328d986a4_c.jpg
42239270790_f053e1086c_c.jpg,https://live.staticflickr.com/1831/42239270790_f053e1086c_c.jpg
2990477735_c538d94386_c.jpg,https://live.staticflickr.com/3146/2990477735_c538d94386_c.jpg
1938493_11daa60097_c.jpg,https://live.staticflickr.com/2/1938493_11daa60097_c.jpg
4258080741_1629f3ebfc_c.jpg,https://live.staticflickr.com/4021/4258080741_1629f3ebfc_c.jpg
34621896654_69386883c3_c.jpg,https://live.staticflickr.com/4280/34621896654_69386883c3_c.jpg
31419940247_a5b6b64201_c.jpg,https://live.staticflickr.com/4813/31419940247_a5b6b64201_c.jpg
40530404881_7fe0704bb2_c.jpg,https://live.staticflickr.com/4749/40530404881_7fe0704bb2_c.jpg
320907437_1929e42d49_c.jpg,https://live.staticflickr.com/141/320907437_1929e42d49_c.jpg
32904866417_c1d9ae5b55_c.jpg,https://live.staticflickr.com/65535/32904866417_c1d9ae5b55_c.jpg
34947916496_2f756e7e24_c.jpg,https://live.staticflickr.com/4203/34947916496_2f756e7e24_c.jpg
1637009_5ba1c9b60e_c.jpg,https://live.staticflickr.com/2/1637009_5ba1c9b60e_c.jpg
16638632889_cb4f781c77_c.jpg,https://live.staticflickr.com/8708/16638632889_cb4f781c77_c.jpg
6718957399_e140478a9c_c.jpg,https://live.staticflickr.com/7142/6718957399_e140478a9c_c.jpg
15849735049_05f235c1d0_c.jpg,https://live.staticflickr.com/8682/15849735049_05f235c1d0_c.jpg
15404024068_ded1556049_c.jpg,https://live.staticflickr.com/3940/15404024068_ded1556049_c.jpg
2546997293_44430d1eef_c.jpg,https://live.staticflickr.com/3089/2546997293_44430d1eef_c.jpg
272632965_b17164c00f_c.jpg,https://live.staticflickr.com/116/272632965_b17164c00f_c.jpg
28968135395_5039ab3f26_c.jpg,https://live.staticflickr.com/8340/28968135395_5039ab3f26_c.jpg
173090728_44ae46c587_c.jpg,https://live.staticflickr.com/77/173090728_44ae46c587_c.jpg
3331519481_7e1ac1b62f_c.jpg,https://live.staticflickr.com/3656/3331519481_7e1ac1b62f_c.jpg
137318947_730057da1e_c.jpg,https://live.staticflickr.com/45/137318947_730057da1e_c.jpg
31658172503_30d317f92e_c.jpg,https://live.staticflickr.com/605/31658172503_30d317f92e_c.jpg
49759348008_62c9e1cb9b_c.jpg,https://live.staticflickr.com/65535/49759348008_62c9e1cb9b_c.jpg
5228343626_c58765299b_c.jpg,https://live.staticflickr.com/5281/5228343626_c58765299b_c.jpg
3816058962_ff546b9680_c.jpg,https://live.staticflickr.com/3528/3816058962_ff546b9680_c.jpg
7417983174_4c34e319b6_c.jpg,https://live.staticflickr.com/8001/7417983174_4c34e319b6_c.jpg
48794029992_661d3e4433_c.jpg,https://live.staticflickr.com/65535/48794029992_661d3e4433_c.jpg
24336860885_3c4909b0e2_c.jpg,https://live.staticflickr.com/1445/24336860885_3c4909b0e2_c.jpg
2963128865_4fd1e040c2_c.jpg,https://live.staticflickr.com/3282/2963128865_4fd1e040c2_c.jpg
14696653007_782f09a04d_c.jpg,https://live.staticflickr.com/5589/14696653007_782f09a04d_c.jpg
2896536079_c0ed32204c_c.jpg,https://live.staticflickr.com/3100/2896536079_c0ed32204c_c.jpg
183120101_254fd960aa_c.jpg,https://live.staticflickr.com/68/183120101_254fd960aa_c.jpg
184390943_876f887f4e_c.jpg,https://live.staticflickr.com/59/184390943_876f887f4e_c.jpg
14901641948_b5a23497e7_c.jpg,https://live.staticflickr.com/5575/14901641948_b5a23497e7_c.jpg
18648958454_53f5fb8fc8_c.jpg,https://live.staticflickr.com/530/18648958454_53f5fb8fc8_c.jpg
32613823496_f40d8ab311_c.jpg,https://live.staticflickr.com/665/32613823496_f40d8ab311_c.jpg
3332355762_b136be0a08_c.jpg,https://live.staticflickr.com/3312/3332355762_b136be0a08_c.jpg
5140287848_ac125cc72d_c.jpg,https://live.staticflickr.com/1096/5140287848_ac125cc72d_c.jpg
4587866068_0eb348761a_c.jpg,https://live.staticflickr.com/4065/4587866068_0eb348761a_c.jpg
2723602532_41b5623fde_c.jpg,https://live.staticflickr.com/3001/2723602532_41b5623fde_c.jpg
34704816634_5acf658e78_c.jpg,https://live.staticflickr.com/4210/34704816634_5acf658e78_c.jpg
5092417347_62821cf268_c.jpg,https://live.staticflickr.com/4085/5092417347_62821cf268_c.jpg
421811419_90160b3ea8_c.jpg,https://live.staticflickr.com/129/421811419_90160b3ea8_c.jpg
4269970354_9fb74c7478_c.jpg,https://live.staticflickr.com/4038/4269970354_9fb74c7478_c.jpg
17497148951_9727d1c70c_c.jpg,https://live.staticflickr.com/5460/17497148951_9727d1c70c_c.jpg
2253726222_321118eeff_c.jpg,https://live.staticflickr.com/2149/2253726222_321118eeff_c.jpg
43187602235_39c6cbeb5c_c.jpg,https://live.staticflickr.com/1838/43187602235_39c6cbeb5c_c.jpg
25480300324_2475ca8768_c.jpg,https://live.staticflickr.com/1520/25480300324_2475ca8768_c.jpg
177953776_f8a3b81746_c.jpg,https://live.staticflickr.com/48/177953776_f8a3b81746_c.jpg
3628911278_66b1446f44_c.jpg,https://live.staticflickr.com/3586/3628911278_66b1446f44_c.jpg
926987710_869b6d4a75_c.jpg,https://live.staticflickr.com/1225/926987710_869b6d4a75_c.jpg
5217798056_88fe97ffbc_c.jpg,https://live.staticflickr.com/5166/5217798056_88fe97ffbc_c.jpg
13084105283_1b3bfcef2e_c.jpg,https://live.staticflickr.com/3428/13084105283_1b3bfcef2e_c.jpg
5228343852_c437d5579b_c.jpg,https://live.staticflickr.com/5210/5228343852_c437d5579b_c.jpg
26054590384_7778cf935e_c.jpg,https://live.staticflickr.com/1494/26054590384_7778cf935e_c.jpg
3236167396_56cdca0777_c.jpg,https://live.staticflickr.com/3307/3236167396_56cdca0777_c.jpg
17192864327_0e79154d5f_c.jpg,https://live.staticflickr.com/7678/17192864327_0e79154d5f_c.jpg
2771002321_3d5d3c16f3_c.jpg,https://live.staticflickr.com/3047/2771002321_3d5d3c16f3_c.jpg
6165843139_b3355fee40_c.jpg,https://live.staticflickr.com/6161/6165843139_b3355fee40_c.jpg
4036279245_7f948170b1_c.jpg,https://live.staticflickr.com/3514/4036279245_7f948170b1_c.jpg
929256210_d1ce979888_c.jpg,https://live.staticflickr.com/1219/929256210_d1ce979888_c.jpg
7031276897_4135419987_c.jpg,https://live.staticflickr.com/7091/7031276897_4135419987_c.jpg
8636701960_38fec27a32_c.jpg,https://live.staticflickr.com/8252/8636701960_38fec27a32_c.jpg
2922853749_e609dbc772_c.jpg,https://live.staticflickr.com/3099/2922853749_e609dbc772_c.jpg
3055214380_b5e4b66030_c.jpg,https://live.staticflickr.com/3202/3055214380_b5e4b66030_c.jpg
3975438481_6d284df9af_c.jpg,https://live.staticflickr.com/2595/3975438481_6d284df9af_c.jpg
85384027_7fbf42343d_c.jpg,https://live.staticflickr.com/6/85384027_7fbf42343d_c.jpg
2963453393_441e5ace81_c.jpg,https://live.staticflickr.com/2333/2963453393_441e5ace81_c.jpg
4141607007_a73b7ab255_c.jpg,https://live.staticflickr.com/2730/4141607007_a73b7ab255_c.jpg
15172051904_72ea9e6db9_c.jpg,https://live.staticflickr.com/5610/15172051904_72ea9e6db9_c.jpg
12246462045_822d6d174b_c.jpg,https://live.staticflickr.com/5540/12246462045_822d6d174b_c.jpg
3211219437_0c7410b21f_c.jpg,https://live.staticflickr.com/3453/3211219437_0c7410b21f_c.jpg
3765769001_284a78fc01_c.jpg,https://live.staticflickr.com/3549/3765769001_284a78fc01_c.jpg
15112557458_b60153e240_c.jpg,https://live.staticflickr.com/3920/15112557458_b60153e240_c.jpg
32603943945_573f142fb6_c.jpg,https://live.staticflickr.com/542/32603943945_573f142fb6_c.jpg
6693038415_ddf2e2a3b9_c.jpg,https://live.staticflickr.com/7145/6693038415_ddf2e2a3b9_c.jpg
408485787_0882345511_c.jpg,https://live.staticflickr.com/132/408485787_0882345511_c.jpg
4302673809_fa2df00a55_c.jpg,https://live.staticflickr.com/4042/4302673809_fa2df00a55_c.jpg
46747478581_17af7bb189_c.jpg,https://live.staticflickr.com/4894/46747478581_17af7bb189_c.jpg
21366163916_90eb57cb21_c.jpg,https://live.staticflickr.com/5735/21366163916_90eb57cb21_c.jpg
2210981201_7f5f4cdd2a_c.jpg,https://live.staticflickr.com/2095/2210981201_7f5f4cdd2a_c.jpg
2100443829_97f432835e_c.jpg,https://live.staticflickr.com/2381/2100443829_97f432835e_c.jpg
3207584112_40d26b373b_c.jpg,https://live.staticflickr.com/3503/3207584112_40d26b373b_c.jpg
3249374162_86ca01723c_c.jpg,https://live.staticflickr.com/3121/3249374162_86ca01723c_c.jpg
647366856_b7e7a82589_c.jpg,https://live.staticflickr.com/1161/647366856_b7e7a82589_c.jpg
8737328301_70fc1c81cb_c.jpg,https://live.staticflickr.com/7282/8737328301_70fc1c81cb_c.jpg
15746329126_20d19134f7_c.jpg,https://live.staticflickr.com/5610/15746329126_20d19134f7_c.jpg
5371174080_45f6181071_c.jpg,https://live.staticflickr.com/5250/5371174080_45f6181071_c.jpg
12410627893_49b706bc40_c.jpg,https://live.staticflickr.com/7315/12410627893_49b706bc40_c.jpg
40706346782_3dfcea663f_c.jpg,https://live.staticflickr.com/4798/40706346782_3dfcea663f_c.jpg
9820155303_c1eb30e9e7_c.jpg,https://live.staticflickr.com/3694/9820155303_c1eb30e9e7_c.jpg
4973293803_a1004e7252_c.jpg,https://live.staticflickr.com/4150/4973293803_a1004e7252_c.jpg
5767858850_aa660c6d74_c.jpg,https://live.staticflickr.com/3012/5767858850_aa660c6d74_c.jpg
8401401348_1808b8838b_c.jpg,https://live.staticflickr.com/8335/8401401348_1808b8838b_c.jpg
14338498896_bddd4de776_c.jpg,https://live.staticflickr.com/2926/14338498896_bddd4de776_c.jpg
184386383_c38e300f6f_c.jpg,https://live.staticflickr.com/44/184386383_c38e300f6f_c.jpg
3515544144_c7c0140471_c.jpg,https://live.staticflickr.com/3356/3515544144_c7c0140471_c.jpg
16450510140_b97ba1278f_c.jpg,https://live.staticflickr.com/8633/16450510140_b97ba1278f_c.jpg
9008193648_8bc9950034_c.jpg,https://live.staticflickr.com/2839/9008193648_8bc9950034_c.jpg
4821498375_c8aea6a4d3_c.jpg,https://live.staticflickr.com/4118/4821498375_c8aea6a4d3_c.jpg
8000769447_cc7ef1f307_c.jpg,https://live.staticflickr.com/8442/8000769447_cc7ef1f307_c.jpg
36739281780_bd18390349_c.jpg,https://live.staticflickr.com/4405/36739281780_bd18390349_c.jpg
184389987_6cc525ce32_c.jpg,https://live.staticflickr.com/60/184389987_6cc525ce32_c.jpg
14467778153_8e033662c6_c.jpg,https://live.staticflickr.com/3902/14467778153_8e033662c6_c.jpg
3832114701_8ac69d7d66_c.jpg,https://live.staticflickr.com/2569/3832114701_8ac69d7d66_c.jpg
48810414743_fd22c47610_c.jpg,https://live.staticflickr.com/65535/48810414743_fd22c47610_c.jpg
4387310908_453e507df8_c.jpg,https://live.staticflickr.com/2731/4387310908_453e507df8_c.jpg
48058824103_801f888843_c.jpg,https://live.staticflickr.com/65535/48058824103_801f888843_c.jpg
8271838555_b73fcf8139_c.jpg,https://live.staticflickr.com/8504/8271838555_b73fcf8139_c.jpg
30278729_211d9f5390_c.jpg,https://live.staticflickr.com/23/30278729_211d9f5390_c.jpg
19388047246_95c320c3d3_c.jpg,https://live.staticflickr.com/522/19388047246_95c320c3d3_c.jpg
3206735081_50083babf3_c.jpg,https://live.staticflickr.com/3359/3206735081_50083babf3_c.jpg
7960107754_b0c0465f3b_c.jpg,https://live.staticflickr.com/8037/7960107754_b0c0465f3b_c.jpg
4006445819_63855e36ea_c.jpg,https://live.staticflickr.com/3606/4006445819_63855e36ea_c.jpg
9219648391_daaee30033_c.jpg,https://live.staticflickr.com/7449/9219648391_daaee30033_c.jpg
4440433779_f4cb6e5f4a_c.jpg,https://live.staticflickr.com/2707/4440433779_f4cb6e5f4a_c.jpg
3206739585_8a3f126882_c.jpg,https://live.staticflickr.com/3340/3206739585_8a3f126882_c.jpg
6335403122_51cebe4bea_c.jpg,https://live.staticflickr.com/6092/6335403122_51cebe4bea_c.jpg
4363857881_39e6113bb7_c.jpg,https://live.staticflickr.com/4014/4363857881_39e6113bb7_c.jpg
34414201866_d75f734629_c.jpg,https://live.staticflickr.com/2815/34414201866_d75f734629_c.jpg
30180340958_1c01f32603_c.jpg,https://live.staticflickr.com/1798/30180340958_1c01f32603_c.jpg
6039888592_86a10cac86_c.jpg,https://live.staticflickr.com/6181/6039888592_86a10cac86_c.jpg
8197064506_a782800db3_c.jpg,https://live.staticflickr.com/8205/8197064506_a782800db3_c.jpg
2240004069_00cb593a83_c.jpg,https://live.staticflickr.com/2101/2240004069_00cb593a83_c.jpg
48810768106_6ff2925cf8_c.jpg,https://live.staticflickr.com/65535/48810768106_6ff2925cf8_c.jpg
29838344483_b4f25fab40_c.jpg,https://live.staticflickr.com/5553/29838344483_b4f25fab40_c.jpg
8243678458_25bd75fdf8_c.jpg,https://live.staticflickr.com/8198/8243678458_25bd75fdf8_c.jpg
521195527_550fda1768_c.jpg,https://live.staticflickr.com/190/521195527_550fda1768_c.jpg
32227030441_5bd61fe463_c.jpg,https://live.staticflickr.com/360/32227030441_5bd61fe463_c.jpg
4247616439_79a9d28a76_c.jpg,https://live.staticflickr.com/4032/4247616439_79a9d28a76_c.jpg
2658195822_73a575398b_c.jpg,https://live.staticflickr.com/3195/2658195822_73a575398b_c.jpg
48793525733_10e5de4d5b_c.jpg,https://live.staticflickr.com/65535/48793525733_10e5de4d5b_c.jpg
7546934180_147d041a4d_c.jpg,https://live.staticflickr.com/7266/7546934180_147d041a4d_c.jpg
3232009054_21ccd259db_c.jpg,https://live.staticflickr.com/3516/3232009054_21ccd259db_c.jpg
42559987011_13ff54033a_c.jpg,https://live.staticflickr.com/1750/42559987011_13ff54033a_c.jpg
344394371_21070cbe92_c.jpg,https://live.staticflickr.com/128/344394371_21070cbe92_c.jpg
24102402658_69b8431bbd_c.jpg,https://live.staticflickr.com/4450/24102402658_69b8431bbd_c.jpg
3738967839_0cd25651e5_c.jpg,https://live.staticflickr.com/2603/3738967839_0cd25651e5_c.jpg
5623518622_4c96699f7d_c.jpg,https://live.staticflickr.com/5223/5623518622_4c96699f7d_c.jpg
8436606720_25877cb9df_c.jpg,https://live.staticflickr.com/8354/8436606720_25877cb9df_c.jpg
3492205797_2e9e2bb74f_c.jpg,https://live.staticflickr.com/3542/3492205797_2e9e2bb74f_c.jpg
50259735333_64ab20536c_c.jpg,https://live.staticflickr.com/65535/50259735333_64ab20536c_c.jpg
5760194716_98a6eaf188_c.jpg,https://live.staticflickr.com/5024/5760194716_98a6eaf188_c.jpg
6706715175_fdfe152a15_c.jpg,https://live.staticflickr.com/7155/6706715175_fdfe152a15_c.jpg
49968906381_22b5fca090_c.jpg,https://live.staticflickr.com/65535/49968906381_22b5fca090_c.jpg
3562009086_07d81fbd10_c.jpg,https://live.staticflickr.com/3632/3562009086_07d81fbd10_c.jpg
16824886366_7e38f651c2_c.jpg,https://live.staticflickr.com/8704/16824886366_7e38f651c2_c.jpg
20955358166_6e27c13971_c.jpg,https://live.staticflickr.com/741/20955358166_6e27c13971_c.jpg
41614552_d12b2edd30_c.jpg,https://live.staticflickr.com/33/41614552_d12b2edd30_c.jpg
6977604838_dc01b3f5e8_c.jpg,https://live.staticflickr.com/8028/6977604838_dc01b3f5e8_c.jpg
5640559336_89722d95b4_c.jpg,https://live.staticflickr.com/5226/5640559336_89722d95b4_c.jpg
4309771276_af01d49f93_c.jpg,https://live.staticflickr.com/2734/4309771276_af01d49f93_c.jpg
26652888054_7422721d32_c.jpg,https://live.staticflickr.com/7732/26652888054_7422721d32_c.jpg
54119705_2489254ece_c.jpg,https://live.staticflickr.com/26/54119705_2489254ece_c.jpg
42378813451_dd129f70f5_c.jpg,https://live.staticflickr.com/1755/42378813451_dd129f70f5_c.jpg
2581532150_614eeac104_c.jpg,https://live.staticflickr.com/3002/2581532150_614eeac104_c.jpg
5151678106_ca1bb53eb0_c.jpg,https://live.staticflickr.com/4016/5151678106_ca1bb53eb0_c.jpg
42239271390_056a692717_c.jpg,https://live.staticflickr.com/1814/42239271390_056a692717_c.jpg
2393450488_40caeb124d_c.jpg,https://live.staticflickr.com/2244/2393450488_40caeb124d_c.jpg
4586388188_0eb0f6163c_c.jpg,https://live.staticflickr.com/4009/4586388188_0eb0f6163c_c.jpg
6919344287_f8a21b6d3e_c.jpg,https://live.staticflickr.com/7059/6919344287_f8a21b6d3e_c.jpg
6166377508_603b596826_c.jpg,https://live.staticflickr.com/6172/6166377508_603b596826_c.jpg
184378606_b7a178c35b_c.jpg,https://live.staticflickr.com/72/184378606_b7a178c35b_c.jpg
5264758279_659c05046e_c.jpg,https://live.staticflickr.com/5163/5264758279_659c05046e_c.jpg
35281313450_890287c7be_c.jpg,https://live.staticflickr.com/4140/35281313450_890287c7be_c.jpg
10079165724_4e7ce008ed_c.jpg,https://live.staticflickr.com/2830/10079165724_4e7ce008ed_c.jpg
184387479_df6cc1ad5b_c.jpg,https://live.staticflickr.com/65/184387479_df6cc1ad5b_c.jpg
14341144998_0366e72a06_c.jpg,https://live.staticflickr.com/3923/14341144998_0366e72a06_c.jpg
3018583364_42535a342e_c.jpg,https://live.staticflickr.com/3143/3018583364_42535a342e_c.jpg
5265365958_8378640961_c.jpg,https://live.staticflickr.com/5165/5265365958_8378640961_c.jpg
6333330517_f95c6acd79_c.jpg,https://live.staticflickr.com/6101/6333330517_f95c6acd79_c.jpg
184379809_47efce7130_c.jpg,https://live.staticflickr.com/60/184379809_47efce7130_c.jpg
4342765924_36f5c6dc14_c.jpg,https://live.staticflickr.com/2765/4342765924_36f5c6dc14_c.jpg
2055978989_422540932e_c.jpg,https://live.staticflickr.com/2077/2055978989_422540932e_c.jpg
37090307624_ba361c2828_c.jpg,https://live.staticflickr.com/4493/37090307624_ba361c2828_c.jpg
8119678342_fc2bba0581_c.jpg,https://live.staticflickr.com/8472/8119678342_fc2bba0581_c.jpg
3707807470_e0ab0c5259_c.jpg,https://live.staticflickr.com/2519/3707807470_e0ab0c5259_c.jpg
9066076406_79874a2a49_c.jpg,https://live.staticflickr.com/2834/9066076406_79874a2a49_c.jpg
2584054621_0674f89899_c.jpg,https://live.staticflickr.com/3011/2584054621_0674f89899_c.jpg
2704001744_0b9a59db8a_c.jpg,https://live.staticflickr.com/2189/2704001744_0b9a59db8a_c.jpg
26887944413_1857b5ec96_c.jpg,https://live.staticflickr.com/7599/26887944413_1857b5ec96_c.jpg
3562017620_b17fdf6139_c.jpg,https://live.staticflickr.com/3361/3562017620_b17fdf6139_c.jpg
6206857898_6d8b9e50b4_c.jpg,https://live.staticflickr.com/6013/6206857898_6d8b9e50b4_c.jpg
10521450_fe7202a626_c.jpg,https://live.staticflickr.com/8/10521450_fe7202a626_c.jpg
344394187_e47b9c7ca7_c.jpg,https://live.staticflickr.com/124/344394187_e47b9c7ca7_c.jpg
6852530952_edfd4d8516_c.jpg,https://live.staticflickr.com/6092/6852530952_edfd4d8516_c.jpg
37832702_c428dfaf16_c.jpg,https://live.staticflickr.com/29/37832702_c428dfaf16_c.jpg
16716766181_91860288c3_c.jpg,https://live.staticflickr.com/8644/16716766181_91860288c3_c.jpg
6856746033_32187cf4a8_c.jpg,https://live.staticflickr.com/7190/6856746033_32187cf4a8_c.jpg
48793522203_1f9b6e228f_c.jpg,https://live.staticflickr.com/65535/48793522203_1f9b6e228f_c.jpg
184378084_c409b2c01f_c.jpg,https://live.staticflickr.com/69/184378084_c409b2c01f_c.jpg
6070050563_e8c653d3ec_c.jpg,https://live.staticflickr.com/6208/6070050563_e8c653d3ec_c.jpg
14981499881_e72bfb854a_c.jpg,https://live.staticflickr.com/3899/14981499881_e72bfb854a_c.jpg
543836774_34b077765d_c.jpg,https://live.staticflickr.com/1355/543836774_34b077765d_c.jpg
15272970004_1537a7945d_c.jpg,https://live.staticflickr.com/7463/15272970004_1537a7945d_c.jpg
15763658165_e9f612d856_c.jpg,https://live.staticflickr.com/3952/15763658165_e9f612d856_c.jpg
3042177171_6a90814c9e_c.jpg,https://live.staticflickr.com/3233/3042177171_6a90814c9e_c.jpg
209877636_42c69c8945_c.jpg,https://live.staticflickr.com/95/209877636_42c69c8945_c.jpg
9007024319_46a52909e4_c.jpg,https://live.staticflickr.com/8560/9007024319_46a52909e4_c.jpg
184379159_d154b234cb_c.jpg,https://live.staticflickr.com/71/184379159_d154b234cb_c.jpg
2104502974_777affec18_c.jpg,https://live.staticflickr.com/2386/2104502974_777affec18_c.jpg
7568862256_9b62c4ee4f_c.jpg,https://live.staticflickr.com/8142/7568862256_9b62c4ee4f_c.jpg
49256889382_a4bd238005_c.jpg,https://live.staticflickr.com/65535/49256889382_a4bd238005_c.jpg
5253273304_609f937ab7_c.jpg,https://live.staticflickr.com/5249/5253273304_609f937ab7_c.jpg
16235657330_783b65df1a_c.jpg,https://live.staticflickr.com/7390/16235657330_783b65df1a_c.jpg
4879039652_ae2bfb43e8_c.jpg,https://live.staticflickr.com/4117/4879039652_ae2bfb43e8_c.jpg
2746213837_4a63620967_c.jpg,https://live.staticflickr.com/3156/2746213837_4a63620967_c.jpg
4984298515_0d0915e824_c.jpg,https://live.staticflickr.com/4090/4984298515_0d0915e824_c.jpg
8468978491_b777a35769_c.jpg,https://live.staticflickr.com/8095/8468978491_b777a35769_c.jpg
10482448714_6747299d48_c.jpg,https://live.staticflickr.com/3674/10482448714_6747299d48_c.jpg
2331843145_a22def709e_c.jpg,https://live.staticflickr.com/3199/2331843145_a22def709e_c.jpg
9444470633_6866bb4d5b_c.jpg,https://live.staticflickr.com/5547/9444470633_6866bb4d5b_c.jpg
35823971545_08e4e9b546_c.jpg,https://live.staticflickr.com/4240/35823971545_08e4e9b546_c.jpg
2803000908_8684bbe5d9_c.jpg,https://live.staticflickr.com/3215/2803000908_8684bbe5d9_c.jpg
26291074604_01020a2149_c.jpg,https://live.staticflickr.com/7345/26291074604_01020a2149_c.jpg
4156879596_7ab0b5ba15_c.jpg,https://live.staticflickr.com/2763/4156879596_7ab0b5ba15_c.jpg
27845313244_72eb52c944_c.jpg,https://live.staticflickr.com/8848/27845313244_72eb52c944_c.jpg
9238994758_c4f3cf009d_c.jpg,https://live.staticflickr.com/7352/9238994758_c4f3cf009d_c.jpg
48793579413_0744ca962d_c.jpg,https://live.staticflickr.com/65535/48793579413_0744ca962d_c.jpg
5920775387_334a867605_c.jpg,https://live.staticflickr.com/6137/5920775387_334a867605_c.jpg
6797648158_bccc9f814d_c.jpg,https://live.staticflickr.com/7059/6797648158_bccc9f814d_c.jpg
3939997297_a1cfa0f952_c.jpg,https://live.staticflickr.com/3524/3939997297_a1cfa0f952_c.jpg
46144963_87b1ed5d83_c.jpg,https://live.staticflickr.com/26/46144963_87b1ed5d83_c.jpg
23709638023_d1faa53e04_c.jpg,https://live.staticflickr.com/1464/23709638023_d1faa53e04_c.jpg
2393348877_35d74ebdf3_c.jpg,https://live.staticflickr.com/3241/2393348877_35d74ebdf3_c.jpg
7374417842_63f4038c2f_c.jpg,https://live.staticflickr.com/7075/7374417842_63f4038c2f_c.jpg
48276513786_7640436d23_c.jpg,https://live.staticflickr.com/65535/48276513786_7640436d23_c.jpg
48794086552_33295d61f5_c.jpg,https://live.staticflickr.com/65535/48794086552_33295d61f5_c.jpg
2649620907_b9b7d0e9e4_c.jpg,https://live.staticflickr.com/3112/2649620907_b9b7d0e9e4_c.jpg
3996581528_e50f9f994d_c.jpg,https://live.staticflickr.com/2489/3996581528_e50f9f994d_c.jpg
4740202235_ea4665cf51_c.jpg,https://live.staticflickr.com/4120/4740202235_ea4665cf51_c.jpg
4803073104_efe88e0aac_c.jpg,https://live.staticflickr.com/4115/4803073104_efe88e0aac_c.jpg
264336609_1a252d5165_c.jpg,https://live.staticflickr.com/120/264336609_1a252d5165_c.jpg
49456369988_26b4489095_c.jpg,https://live.staticflickr.com/65535/49456369988_26b4489095_c.jpg
46145015_1ea7062c4e_c.jpg,https://live.staticflickr.com/30/46145015_1ea7062c4e_c.jpg
3825120145_14a5d51026_c.jpg,https://live.staticflickr.com/2512/3825120145_14a5d51026_c.jpg
93325952_1679f86f5b_c.jpg,https://live.staticflickr.com/39/93325952_1679f86f5b_c.jpg
2649620783_d576151a35_c.jpg,https://live.staticflickr.com/3069/2649620783_d576151a35_c.jpg
4366897846_9089290621_c.jpg,https://live.staticflickr.com/4062/4366897846_9089290621_c.jpg
6159344197_09b6b8642b_c.jpg,https://live.staticflickr.com/6158/6159344197_09b6b8642b_c.jpg
344394394_04bb9c39f6_c.jpg,https://live.staticflickr.com/133/344394394_04bb9c39f6_c.jpg
2140656569_3b8cd025a8_c.jpg,https://live.staticflickr.com/2412/2140656569_3b8cd025a8_c.jpg
5717415753_9b326176bb_c.jpg,https://live.staticflickr.com/2216/5717415753_9b326176bb_c.jpg
20547800288_568afd1d34_c.jpg,https://live.staticflickr.com/5802/20547800288_568afd1d34_c.jpg
5623521406_cd0aea6f16_c.jpg,https://live.staticflickr.com/1425/5623521406_cd0aea6f16_c.jpg
30734598038_73ea475599_c.jpg,https://live.staticflickr.com/1889/30734598038_73ea475599_c.jpg
6617309167_44724d8141_c.jpg,https://live.staticflickr.com/7147/6617309167_44724d8141_c.jpg
48794029382_b6440bcf31_c.jpg,https://live.staticflickr.com/65535/48794029382_b6440bcf31_c.jpg
4277999875_e9b7029ae1_c.jpg,https://live.staticflickr.com/4042/4277999875_e9b7029ae1_c.jpg
15587314953_f85ae057b0_c.jpg,https://live.staticflickr.com/7522/15587314953_f85ae057b0_c.jpg
1342509296_a993ac5565_c.jpg,https://live.staticflickr.com/1175/1342509296_a993ac5565_c.jpg
9338541012_998557cf2e_c.jpg,https://live.staticflickr.com/2871/9338541012_998557cf2e_c.jpg
3562010816_369c275492_c.jpg,https://live.staticflickr.com/3387/3562010816_369c275492_c.jpg
9714304473_31c42c33b7_c.jpg,https://live.staticflickr.com/3783/9714304473_31c42c33b7_c.jpg
3365506020_218d65c393_c.jpg,https://live.staticflickr.com/3296/3365506020_218d65c393_c.jpg
48794084742_097ef1280d_c.jpg,https://live.staticflickr.com/65535/48794084742_097ef1280d_c.jpg
5073768664_8ae91a2b36_c.jpg,https://live.staticflickr.com/4154/5073768664_8ae91a2b36_c.jpg
16180085068_9ceab30360_c.jpg,https://live.staticflickr.com/8627/16180085068_9ceab30360_c.jpg
5852179264_f32a9d7043_c.jpg,https://live.staticflickr.com/2608/5852179264_f32a9d7043_c.jpg
15119339255_c9d5529497_c.jpg,https://live.staticflickr.com/3909/15119339255_c9d5529497_c.jpg
35473973711_72dfff87cf_c.jpg,https://live.staticflickr.com/4026/35473973711_72dfff87cf_c.jpg
1602305741_6e6d3e84db_c.jpg,https://live.staticflickr.com/2263/1602305741_6e6d3e84db_c.jpg
24904586348_30c6592823_c.jpg,https://live.staticflickr.com/4540/24904586348_30c6592823_c.jpg
5050990989_691d48fc9f_c.jpg,https://live.staticflickr.com/4111/5050990989_691d48fc9f_c.jpg
3396767147_01f751c112_c.jpg,https://live.staticflickr.com/3601/3396767147_01f751c112_c.jpg
49295598358_0197770922_c.jpg,https://live.staticflickr.com/65535/49295598358_0197770922_c.jpg
49993102431_f5611c8c92_c.jpg,https://live.staticflickr.com/65535/49993102431_f5611c8c92_c.jpg
43317351515_eb91235e74_c.jpg,https://live.staticflickr.com/1841/43317351515_eb91235e74_c.jpg
5000602711_bc02f5859b_c.jpg,https://live.staticflickr.com/4129/5000602711_bc02f5859b_c.jpg
1110803936_10c7bec3f0_c.jpg,https://live.staticflickr.com/1436/1110803936_10c7bec3f0_c.jpg
2817245082_0e6d6dd8bf_c.jpg,https://live.staticflickr.com/3197/2817245082_0e6d6dd8bf_c.jpg
3396762917_ef6dafd027_c.jpg,https://live.staticflickr.com/3471/3396762917_ef6dafd027_c.jpg
6203972304_91dec339fa_c.jpg,https://live.staticflickr.com/6178/6203972304_91dec339fa_c.jpg
14268991235_14caab741d_c.jpg,https://live.staticflickr.com/3785/14268991235_14caab741d_c.jpg
5837389904_9621346be3_c.jpg,https://live.staticflickr.com/5103/5837389904_9621346be3_c.jpg
60540448_7168bfaa1b_c.jpg,https://live.staticflickr.com/27/60540448_7168bfaa1b_c.jpg
8021400765_c58e0a7d9a_c.jpg,https://live.staticflickr.com/8446/8021400765_c58e0a7d9a_c.jpg
2926981382_7f3294264e_c.jpg,https://live.staticflickr.com/3008/2926981382_7f3294264e_c.jpg
4928712514_39acef51d9_c.jpg,https://live.staticflickr.com/4073/4928712514_39acef51d9_c.jpg
422814938_31ce3da7f8_c.jpg,https://live.staticflickr.com/149/422814938_31ce3da7f8_c.jpg
9629446807_0093ccb110_c.jpg,https://live.staticflickr.com/3780/9629446807_0093ccb110_c.jpg
6539346791_9bd90bfc78_c.jpg,https://live.staticflickr.com/7027/6539346791_9bd90bfc78_c.jpg
3561185563_3351921605_c.jpg,https://live.staticflickr.com/2428/3561185563_3351921605_c.jpg
7052472537_c20ee871a4_c.jpg,https://live.staticflickr.com/7075/7052472537_c20ee871a4_c.jpg
48078407391_3918da3af2_c.jpg,https://live.staticflickr.com/65535/48078407391_3918da3af2_c.jpg
2215075774_f1a5b908ab_c.jpg,https://live.staticflickr.com/2082/2215075774_f1a5b908ab_c.jpg
4518220881_2b778995f1_c.jpg,https://live.staticflickr.com/2714/4518220881_2b778995f1_c.jpg
48059542701_7d2405896a_c.jpg,https://live.staticflickr.com/65535/48059542701_7d2405896a_c.jpg
6310756149_39d77dca14_c.jpg,https://live.staticflickr.com/6032/6310756149_39d77dca14_c.jpg
48059590948_518cf80454_c.jpg,https://live.staticflickr.com/65535/48059590948_518cf80454_c.jpg
24870822802_8d2331e44b_c.jpg,https://live.staticflickr.com/1701/24870822802_8d2331e44b_c.jpg
2926124861_301108d26e_c.jpg,https://live.staticflickr.com/3115/2926124861_301108d26e_c.jpg
3380934094_c4b666b0a7_c.jpg,https://live.staticflickr.com/3549/3380934094_c4b666b0a7_c.jpg
2642742862_99efe3bd64_c.jpg,https://live.staticflickr.com/3161/2642742862_99efe3bd64_c.jpg
29325542697_7b8ec3c1cc_c.jpg,https://live.staticflickr.com/1850/29325542697_7b8ec3c1cc_c.jpg
4114957701_fd59d5f96c_c.jpg,https://live.staticflickr.com/2516/4114957701_fd59d5f96c_c.jpg
35482963215_68007a6e54_c.jpg,https://live.staticflickr.com/4210/35482963215_68007a6e54_c.jpg
2926120323_fe0d100df2_c.jpg,https://live.staticflickr.com/3141/2926120323_fe0d100df2_c.jpg
4882699087_b7a691346b_c.jpg,https://live.staticflickr.com/4099/4882699087_b7a691346b_c.jpg
477338100_52374bc2e8_c.jpg,https://live.staticflickr.com/181/477338100_52374bc2e8_c.jpg
49984586193_1a81cc6c3d_c.jpg,https://live.staticflickr.com/65535/49984586193_1a81cc6c3d_c.jpg
6069758518_8f02877719_c.jpg,https://live.staticflickr.com/6201/6069758518_8f02877719_c.jpg
4473993031_cb806ec764_c.jpg,https://live.staticflickr.com/4072/4473993031_cb806ec764_c.jpg
3512524739_100ca0cee4_c.jpg,https://live.staticflickr.com/3611/3512524739_100ca0cee4_c.jpg
6081435313_fd1a8ed92f_c.jpg,https://live.staticflickr.com/6070/6081435313_fd1a8ed92f_c.jpg
344394269_10ecc1d0b3_c.jpg,https://live.staticflickr.com/155/344394269_10ecc1d0b3_c.jpg
29420028614_f667ee363b_c.jpg,https://live.staticflickr.com/5137/29420028614_f667ee363b_c.jpg
6872945637_f6bc72f15d_c.jpg,https://live.staticflickr.com/7057/6872945637_f6bc72f15d_c.jpg
41765314_9c5c8c35a3_c.jpg,https://live.staticflickr.com/32/41765314_9c5c8c35a3_c.jpg
13989835243_ed1564de2c_c.jpg,https://live.staticflickr.com/7356/13989835243_ed1564de2c_c.jpg
2926133777_3957946350_c.jpg,https://live.staticflickr.com/3295/2926133777_3957946350_c.jpg
2926971330_559d9178e4_c.jpg,https://live.staticflickr.com/3259/2926971330_559d9178e4_c.jpg
6468888173_6be7a2c45d_c.jpg,https://live.staticflickr.com/7035/6468888173_6be7a2c45d_c.jpg
3097110204_f15912525f_c.jpg,https://live.staticflickr.com/3038/3097110204_f15912525f_c.jpg
277336081_f4713fd15a_c.jpg,https://live.staticflickr.com/89/277336081_f4713fd15a_c.jpg
9291224850_20ff10d216_c.jpg,https://live.staticflickr.com/3728/9291224850_20ff10d216_c.jpg
8822807232_4f19124771_c.jpg,https://live.staticflickr.com/7387/8822807232_4f19124771_c.jpg
2680398530_c564967262_c.jpg,https://live.staticflickr.com/3011/2680398530_c564967262_c.jpg
4539420489_5b7042d6d4_c.jpg,https://live.staticflickr.com/4001/4539420489_5b7042d6d4_c.jpg
28527266191_92d1cc27c2_c.jpg,https://live.staticflickr.com/8793/28527266191_92d1cc27c2_c.jpg
8530093208_6efec8191d_c.jpg,https://live.staticflickr.com/8380/8530093208_6efec8191d_c.jpg
4538767398_65f194e8c0_c.jpg,https://live.staticflickr.com/4007/4538767398_65f194e8c0_c.jpg
3380085873_80bfb7bb77_c.jpg,https://live.staticflickr.com/3556/3380085873_80bfb7bb77_c.jpg
6436178961_a8fcb18b18_c.jpg,https://live.staticflickr.com/7035/6436178961_a8fcb18b18_c.jpg
46785234985_8127c9acb6_c.jpg,https://live.staticflickr.com/65535/46785234985_8127c9acb6_c.jpg
5795304466_403c90c0c6_c.jpg,https://live.staticflickr.com/2592/5795304466_403c90c0c6_c.jpg
7025480939_1cb61c81e3_c.jpg,https://live.staticflickr.com/6217/7025480939_1cb61c81e3_c.jpg
27735139044_b10e2511ca_c.jpg,https://live.staticflickr.com/8786/27735139044_b10e2511ca_c.jpg
6148764868_3ac9f02df1_c.jpg,https://live.staticflickr.com/6167/6148764868_3ac9f02df1_c.jpg
2254450797_516655abc1_c.jpg,https://live.staticflickr.com/2324/2254450797_516655abc1_c.jpg
4518857042_4ce8f91a47_c.jpg,https://live.staticflickr.com/2704/4518857042_4ce8f91a47_c.jpg
18088735491_ee03764f16_c.jpg,https://live.staticflickr.com/8881/18088735491_ee03764f16_c.jpg
14546211064_ab36831d47_c.jpg,https://live.staticflickr.com/3863/14546211064_ab36831d47_c.jpg
29202124527_b24233bcc2_c.jpg,https://live.staticflickr.com/1848/29202124527_b24233bcc2_c.jpg
1028746879_b7d0646291_c.jpg,https://live.staticflickr.com/1241/1028746879_b7d0646291_c.jpg
344393958_bf2a442651_c.jpg,https://live.staticflickr.com/153/344393958_bf2a442651_c.jpg
120918115_e100f89da1_c.jpg,https://live.staticflickr.com/44/120918115_e100f89da1_c.jpg
48059543246_49b8f0e8b7_c.jpg,https://live.staticflickr.com/65535/48059543246_49b8f0e8b7_c.jpg
2451833128_982d0b77bd_c.jpg,https://live.staticflickr.com/2358/2451833128_982d0b77bd_c.jpg
2926985508_d6718d2e69_c.jpg,https://live.staticflickr.com/3125/2926985508_d6718d2e69_c.jpg
41575229172_8b56280a4c_c.jpg,https://live.staticflickr.com/796/41575229172_8b56280a4c_c.jpg
48955529017_ce19089579_c.jpg,https://live.staticflickr.com/65535/48955529017_ce19089579_c.jpg
3825922500_352c1e2803_c.jpg,https://live.staticflickr.com/2512/3825922500_352c1e2803_c.jpg
29205735463_ebe0cd35e6_c.jpg,https://live.staticflickr.com/8653/29205735463_ebe0cd35e6_c.jpg
4096897472_8a8ef026e0_c.jpg,https://live.staticflickr.com/2575/4096897472_8a8ef026e0_c.jpg
25848821575_fc524f31f7_c.jpg,https://live.staticflickr.com/1488/25848821575_fc524f31f7_c.jpg
48793582883_a2ab5e9fa3_c.jpg,https://live.staticflickr.com/65535/48793582883_a2ab5e9fa3_c.jpg
4710818052_35e6052142_c.jpg,https://live.staticflickr.com/4051/4710818052_35e6052142_c.jpg
2926984120_09be8b5070_c.jpg,https://live.staticflickr.com/3133/2926984120_09be8b5070_c.jpg
6034296943_20220807a7_c.jpg,https://live.staticflickr.com/6129/6034296943_20220807a7_c.jpg
8343505065_24e08b336c_c.jpg,https://live.staticflickr.com/8219/8343505065_24e08b336c_c.jpg
49167420648_b1a3897193_c.jpg,https://live.staticflickr.com/65535/49167420648_b1a3897193_c.jpg
5475653920_18cfaf3158_c.jpg,https://live.staticflickr.com/5298/5475653920_18cfaf3158_c.jpg
6148213563_b61262d7eb_c.jpg,https://live.staticflickr.com/6192/6148213563_b61262d7eb_c.jpg
49278813271_1244efc7a8_c.jpg,https://live.staticflickr.com/65535/49278813271_1244efc7a8_c.jpg
5622937671_9b65feabc0_c.jpg,https://live.staticflickr.com/5109/5622937671_9b65feabc0_c.jpg
2926975824_795647f060_c.jpg,https://live.staticflickr.com/3102/2926975824_795647f060_c.jpg
8332294490_c106fafc0d_c.jpg,https://live.staticflickr.com/8493/8332294490_c106fafc0d_c.jpg
8642011231_dcd2de34c8_c.jpg,https://live.staticflickr.com/8402/8642011231_dcd2de34c8_c.jpg
30191540908_5427a6d0ed_c.jpg,https://live.staticflickr.com/1835/30191540908_5427a6d0ed_c.jpg
6928563751_b065f76960_c.jpg,https://live.staticflickr.com/7064/6928563751_b065f76960_c.jpg
26880430822_5f494ee38c_c.jpg,https://live.staticflickr.com/7714/26880430822_5f494ee38c_c.jpg
19590455_436173e02a_c.jpg,https://live.staticflickr.com/13/19590455_436173e02a_c.jpg
72979278_88f31376e5_c.jpg,https://live.staticflickr.com/35/72979278_88f31376e5_c.jpg
9574632670_84b8ddd6e0_c.jpg,https://live.staticflickr.com/7395/9574632670_84b8ddd6e0_c.jpg
27845880223_8b100d9aa4_c.jpg,https://live.staticflickr.com/8624/27845880223_8b100d9aa4_c.jpg
5734722451_bd8bf97b71_c.jpg,https://live.staticflickr.com/3445/5734722451_bd8bf97b71_c.jpg
4879119522_194949b0f4_c.jpg,https://live.staticflickr.com/4078/4879119522_194949b0f4_c.jpg
49688042372_bc57007f2c_c.jpg,https://live.staticflickr.com/65535/49688042372_bc57007f2c_c.jpg
2926982864_d31321d4a3_c.jpg,https://live.staticflickr.com/3107/2926982864_d31321d4a3_c.jpg
9270110444_ca69937c1d_c.jpg,https://live.staticflickr.com/5473/9270110444_ca69937c1d_c.jpg
6797647902_cd74b5725e_c.jpg,https://live.staticflickr.com/7180/6797647902_cd74b5725e_c.jpg
2926118943_aac77a1118_c.jpg,https://live.staticflickr.com/3179/2926118943_aac77a1118_c.jpg
4518222531_9a3a3419ff_c.jpg,https://live.staticflickr.com/4071/4518222531_9a3a3419ff_c.jpg
11317810886_dee75ac0e4_c.jpg,https://live.staticflickr.com/3754/11317810886_dee75ac0e4_c.jpg
280902045_d4f7a0899e_c.jpg,https://live.staticflickr.com/99/280902045_d4f7a0899e_c.jpg
14546949927_56444190c4_c.jpg,https://live.staticflickr.com/2900/14546949927_56444190c4_c.jpg
5240932223_2fe458a179_c.jpg,https://live.staticflickr.com/5047/5240932223_2fe458a179_c.jpg
5241528320_4fcf9dc5fe_c.jpg,https://live.staticflickr.com/5284/5241528320_4fcf9dc5fe_c.jpg
4008172688_233a738000_c.jpg,https://live.staticflickr.com/2561/4008172688_233a738000_c.jpg
2348831550_65f51549b7_c.jpg,https://live.staticflickr.com/2411/2348831550_65f51549b7_c.jpg
2926978172_a86cc9353e_c.jpg,https://live.staticflickr.com/3134/2926978172_a86cc9353e_c.jpg
15296803661_b64b6dc940_c.jpg,https://live.staticflickr.com/5584/15296803661_b64b6dc940_c.jpg
8008113533_28a852e1bc_c.jpg,https://live.staticflickr.com/8181/8008113533_28a852e1bc_c.jpg
6148212027_534d99fc5c_c.jpg,https://live.staticflickr.com/6076/6148212027_534d99fc5c_c.jpg
228015753_14a678d526_c.jpg,https://live.staticflickr.com/83/228015753_14a678d526_c.jpg
2926972620_1e0c36a1ee_c.jpg,https://live.staticflickr.com/3029/2926972620_1e0c36a1ee_c.jpg
13512861923_0e213d033a_c.jpg,https://live.staticflickr.com/7389/13512861923_0e213d033a_c.jpg
48793585183_228af49e0a_c.jpg,https://live.staticflickr.com/65535/48793585183_228af49e0a_c.jpg
14123190240_bd05e96559_c.jpg,https://live.staticflickr.com/3725/14123190240_bd05e96559_c.jpg
27962357540_43182dd6d1_c.jpg,https://live.staticflickr.com/7307/27962357540_43182dd6d1_c.jpg
4510717493_d0db651e19_c.jpg,https://live.staticflickr.com/2316/4510717493_d0db651e19_c.jpg
2105563358_23056530e4_c.jpg,https://live.staticflickr.com/2237/2105563358_23056530e4_c.jpg
8190153919_35433f1ded_c.jpg,https://live.staticflickr.com/8485/8190153919_35433f1ded_c.jpg
1603199294_d733971271_c.jpg,https://live.staticflickr.com/2314/1603199294_d733971271_c.jpg
6148744838_3166d5dbdb_c.jpg,https://live.staticflickr.com/6173/6148744838_3166d5dbdb_c.jpg
4183644539_01880ac487_c.jpg,https://live.staticflickr.com/4009/4183644539_01880ac487_c.jpg
2926122515_4854684428_c.jpg,https://live.staticflickr.com/3105/2926122515_4854684428_c.jpg
4930367366_4a999b78f7_c.jpg,https://live.staticflickr.com/4099/4930367366_4a999b78f7_c.jpg
6928558657_3de81ebd2b_c.jpg,https://live.staticflickr.com/7069/6928558657_3de81ebd2b_c.jpg
5240933157_23c52f7453_c.jpg,https://live.staticflickr.com/5126/5240933157_23c52f7453_c.jpg
2540584474_db81e9ffe4_c.jpg,https://live.staticflickr.com/3047/2540584474_db81e9ffe4_c.jpg
6782446442_55cc0b54de_c.jpg,https://live.staticflickr.com/7183/6782446442_55cc0b54de_c.jpg
2636630589_b0709c5c5f_c.jpg,https://live.staticflickr.com/3039/2636630589_b0709c5c5f_c.jpg
27843500602_2238543327_c.jpg,https://live.staticflickr.com/7429/27843500602_2238543327_c.jpg
50065220331_e9c18ccbf1_c.jpg,https://live.staticflickr.com/65535/50065220331_e9c18ccbf1_c.jpg
4277995941_edcda2a81f_c.jpg,https://live.staticflickr.com/2767/4277995941_edcda2a81f_c.jpg
29021060102_58f0da15e8_c.jpg,https://live.staticflickr.com/8502/29021060102_58f0da15e8_c.jpg
31747232597_83d8c74183_c.jpg,https://live.staticflickr.com/4834/31747232597_83d8c74183_c.jpg
35828347682_6ab5bac77c_c.jpg,https://live.staticflickr.com/4322/35828347682_6ab5bac77c_c.jpg
44555396462_09dd511f01_c.jpg,https://live.staticflickr.com/1869/44555396462_09dd511f01_c.jpg
30191539098_f40e436ec4_c.jpg,https://live.staticflickr.com/1836/30191539098_f40e436ec4_c.jpg
5006094504_aed8109a3a_c.jpg,https://live.staticflickr.com/4088/5006094504_aed8109a3a_c.jpg
4326913132_70ea4fea53_c.jpg,https://live.staticflickr.com/2725/4326913132_70ea4fea53_c.jpg
50065220351_2fd1ba09aa_c.jpg,https://live.staticflickr.com/65535/50065220351_2fd1ba09aa_c.jpg
48664775103_642b0d2687_c.jpg,https://live.staticflickr.com/65535/48664775103_642b0d2687_c.jpg
2926985044_64f9846044_c.jpg,https://live.staticflickr.com/3252/2926985044_64f9846044_c.jpg
422814953_e580c363ac_c.jpg,https://live.staticflickr.com/139/422814953_e580c363ac_c.jpg
2926980450_6b1abe771d_c.jpg,https://live.staticflickr.com/3149/2926980450_6b1abe771d_c.jpg
156780970_4fdef8eeee_c.jpg,https://live.staticflickr.com/67/156780970_4fdef8eeee_c.jpg
6487241123_f75c34c27d_c.jpg,https://live.staticflickr.com/7149/6487241123_f75c34c27d_c.jpg
6148196869_17a7cda968_c.jpg,https://live.staticflickr.com/6064/6148196869_17a7cda968_c.jpg
4640686322_56f2fcc43d_c.jpg,https://live.staticflickr.com/3340/4640686322_56f2fcc43d_c.jpg
344394305_42acf9e9d0_c.jpg,https://live.staticflickr.com/133/344394305_42acf9e9d0_c.jpg
10698976903_7893963ace_c.jpg,https://live.staticflickr.com/5498/10698976903_7893963ace_c.jpg
15438661_cfd53daa87_c.jpg,https://live.staticflickr.com/12/15438661_cfd53daa87_c.jpg
2247903_77f76ab382_c.jpg,https://live.staticflickr.com/1/2247903_77f76ab382_c.jpg
2926130043_1c9877c37b_c.jpg,https://live.staticflickr.com/3239/2926130043_1c9877c37b_c.jpg
1686908155_7b3c7d79f7_c.jpg,https://live.staticflickr.com/2382/1686908155_7b3c7d79f7_c.jpg
344394239_1db91e24ab_c.jpg,https://live.staticflickr.com/123/344394239_1db91e24ab_c.jpg
6148745336_896094eef2_c.jpg,https://live.staticflickr.com/6080/6148745336_896094eef2_c.jpg
6148735834_41a6e05a11_c.jpg,https://live.staticflickr.com/6195/6148735834_41a6e05a11_c.jpg
2926120973_9c1630b42d_c.jpg,https://live.staticflickr.com/3142/2926120973_9c1630b42d_c.jpg
6148733946_c369a4d675_c.jpg,https://live.staticflickr.com/6188/6148733946_c369a4d675_c.jpg
2926980984_9b3a7b4695_c.jpg,https://live.staticflickr.com/3049/2926980984_9b3a7b4695_c.jpg
2926129199_f9596c9822_c.jpg,https://live.staticflickr.com/3134/2926129199_f9596c9822_c.jpg
6148739670_d639f8f7a7_c.jpg,https://live.staticflickr.com/6194/6148739670_d639f8f7a7_c.jpg
2926123527_ef7a7032a9_c.jpg,https://live.staticflickr.com/3008/2926123527_ef7a7032a9_c.jpg
5587421334_f4b2f73289_c.jpg,https://live.staticflickr.com/5225/5587421334_f4b2f73289_c.jpg
6148741684_978e42d430_c.jpg,https://live.staticflickr.com/6080/6148741684_978e42d430_c.jpg
6819390463_e28672a0d7_c.jpg,https://live.staticflickr.com/7157/6819390463_e28672a0d7_c.jpg
5572087068_6b544d6505_c.jpg,https://live.staticflickr.com/5051/5572087068_6b544d6505_c.jpg
6987940339_21b3a15672_c.jpg,https://live.staticflickr.com/7195/6987940339_21b3a15672_c.jpg
463844328_df10a51364_c.jpg,https://live.staticflickr.com/177/463844328_df10a51364_c.jpg
2926120513_1759c38523_c.jpg,https://live.staticflickr.com/3163/2926120513_1759c38523_c.jpg
6928558141_6c8603e885_c.jpg,https://live.staticflickr.com/7052/6928558141_6c8603e885_c.jpg
2926130771_d82acd6ed0_c.jpg,https://live.staticflickr.com/3078/2926130771_d82acd6ed0_c.jpg
4878510551_9fcb62d65c_c.jpg,https://live.staticflickr.com/4097/4878510551_9fcb62d65c_c.jpg
344394009_c901de99f0_c.jpg,https://live.staticflickr.com/139/344394009_c901de99f0_c.jpg
2926126719_92be0b9faf_c.jpg,https://live.staticflickr.com/3136/2926126719_92be0b9faf_c.jpg
2926977166_b2762c5e5d_c.jpg,https://live.staticflickr.com/2101/2926977166_b2762c5e5d_c.jpg
7848773214_83fe2d970b_c.jpg,https://live.staticflickr.com/8284/7848773214_83fe2d970b_c.jpg
5477160738_4b9cfe3d3d_c.jpg,https://live.staticflickr.com/5214/5477160738_4b9cfe3d3d_c.jpg
105416407_cf5dc83ee2_c.jpg,https://live.staticflickr.com/51/105416407_cf5dc83ee2_c.jpg
2636627953_3cb802cb66_c.jpg,https://live.staticflickr.com/3100/2636627953_3cb802cb66_c.jpg
49365148997_2f4473c60c_c.jpg,https://live.staticflickr.com/65535/49365148997_2f4473c60c_c.jpg
6148743206_e057493535_c.jpg,https://live.staticflickr.com/6174/6148743206_e057493535_c.jpg
27305709999_d1b2c1331e_c.jpg,https://live.staticflickr.com/4687/27305709999_d1b2c1331e_c.jpg
2771437330_da39792e54_c.jpg,https://live.staticflickr.com/3050/2771437330_da39792e54_c.jpg
3358937998_4c3ce3ac5f_c.jpg,https://live.staticflickr.com/3464/3358937998_4c3ce3ac5f_c.jpg
7068829039_d618ce3278_c.jpg,https://live.staticflickr.com/7108/7068829039_d618ce3278_c.jpg
8382663801_ef8c8f219e_c.jpg,https://live.staticflickr.com/8236/8382663801_ef8c8f219e_c.jpg
44059018371_c8a8a2f297_c.jpg,https://live.staticflickr.com/1793/44059018371_c8a8a2f297_c.jpg
8664416818_9be28fa770_c.jpg,https://live.staticflickr.com/8247/8664416818_9be28fa770_c.jpg
6148732368_d9cca5d643_c.jpg,https://live.staticflickr.com/6191/6148732368_d9cca5d643_c.jpg
2926122923_13f9f327af_c.jpg,https://live.staticflickr.com/3175/2926122923_13f9f327af_c.jpg
48794026657_860d99d210_c.jpg,https://live.staticflickr.com/65535/48794026657_860d99d210_c.jpg
2637455834_242343f8e1_c.jpg,https://live.staticflickr.com/3191/2637455834_242343f8e1_c.jpg
2926131281_397f02362a_c.jpg,https://live.staticflickr.com/3177/2926131281_397f02362a_c.jpg
29617029_a5e21d096b_c.jpg,https://live.staticflickr.com/23/29617029_a5e21d096b_c.jpg
5662552947_4622d1e0ae_c.jpg,https://live.staticflickr.com/5266/5662552947_4622d1e0ae_c.jpg
27785412059_a8b5041af5_c.jpg,https://live.staticflickr.com/4730/27785412059_a8b5041af5_c.jpg
4518220669_2414f7ac4d_c.jpg,https://live.staticflickr.com/2706/4518220669_2414f7ac4d_c.jpg
362053928_e1a81bb964_c.jpg,https://live.staticflickr.com/144/362053928_e1a81bb964_c.jpg
2926123805_a3d155cf52_c.jpg,https://live.staticflickr.com/2101/2926123805_a3d155cf52_c.jpg
2926976260_46a328c819_c.jpg,https://live.staticflickr.com/3003/2926976260_46a328c819_c.jpg
3965936724_b7c89ccb22_c.jpg,https://live.staticflickr.com/3524/3965936724_b7c89ccb22_c.jpg
21845714368_44602e7a37_c.jpg,https://live.staticflickr.com/5678/21845714368_44602e7a37_c.jpg
6148180215_812c6de565_c.jpg,https://live.staticflickr.com/6157/6148180215_812c6de565_c.jpg
2926121277_3058b50239_c.jpg,https://live.staticflickr.com/3116/2926121277_3058b50239_c.jpg
2926979956_70edb0c4fb_c.jpg,https://live.staticflickr.com/3192/2926979956_70edb0c4fb_c.jpg
8254412489_7909bbc4a9_c.jpg,https://live.staticflickr.com/8360/8254412489_7909bbc4a9_c.jpg
5370574039_b2cc8dd09d_c.jpg,https://live.staticflickr.com/5164/5370574039_b2cc8dd09d_c.jpg
9271998162_ee51268117_c.jpg,https://live.staticflickr.com/7406/9271998162_ee51268117_c.jpg
6109458296_4ae3a03485_c.jpg,https://live.staticflickr.com/6185/6109458296_4ae3a03485_c.jpg
32421745127_1729cef62a_c.jpg,https://live.staticflickr.com/7841/32421745127_1729cef62a_c.jpg
2926971070_7024cfec52_c.jpg,https://live.staticflickr.com/3098/2926971070_7024cfec52_c.jpg
2222698963_7750dc64ac_c.jpg,https://live.staticflickr.com/2139/2222698963_7750dc64ac_c.jpg
21553067245_0a0c0b6b71_c.jpg,https://live.staticflickr.com/643/21553067245_0a0c0b6b71_c.jpg
25243688332_938c9c3f07_c.jpg,https://live.staticflickr.com/1661/25243688332_938c9c3f07_c.jpg
2926984502_9535918d24_c.jpg,https://live.staticflickr.com/3146/2926984502_9535918d24_c.jpg
25839950915_3725b76f75_c.jpg,https://live.staticflickr.com/1448/25839950915_3725b76f75_c.jpg
14546946057_2b6dff1f59_c.jpg,https://live.staticflickr.com/3868/14546946057_2b6dff1f59_c.jpg
5150062266_b7e643f98e_c.jpg,https://live.staticflickr.com/4108/5150062266_b7e643f98e_c.jpg
4036306601_7350328cf7_c.jpg,https://live.staticflickr.com/2766/4036306601_7350328cf7_c.jpg
5609134193_7618d761eb_c.jpg,https://live.staticflickr.com/5142/5609134193_7618d761eb_c.jpg
9646496869_bc5cd6d7d7_c.jpg,https://live.staticflickr.com/5465/9646496869_bc5cd6d7d7_c.jpg
43024774951_0f8b894cbc_c.jpg,https://live.staticflickr.com/1766/43024774951_0f8b894cbc_c.jpg
1502613771_31edb1c0e8_c.jpg,https://live.staticflickr.com/2131/1502613771_31edb1c0e8_c.jpg
21246206989_9c9559bf64_c.jpg,https://live.staticflickr.com/5716/21246206989_9c9559bf64_c.jpg
2147125181_4f17d642e3_c.jpg,https://live.staticflickr.com/2011/2147125181_4f17d642e3_c.jpg
3121677199_6b5770359a_c.jpg,https://live.staticflickr.com/3201/3121677199_6b5770359a_c.jpg
508242538_5fbf46fd40_c.jpg,https://live.staticflickr.com/193/508242538_5fbf46fd40_c.jpg
3782347229_e3da24042a_c.jpg,https://live.staticflickr.com/2535/3782347229_e3da24042a_c.jpg
2926122223_a61bb0dac8_c.jpg,https://live.staticflickr.com/3119/2926122223_a61bb0dac8_c.jpg
17051516250_677f682acb_c.jpg,https://live.staticflickr.com/5462/17051516250_677f682acb_c.jpg
5637388869_2ce8b4660f_c.jpg,https://live.staticflickr.com/5187/5637388869_2ce8b4660f_c.jpg
9776939655_6d41ac8bf5_c.jpg,https://live.staticflickr.com/2826/9776939655_6d41ac8bf5_c.jpg
39094548161_6292755792_c.jpg,https://live.staticflickr.com/4725/39094548161_6292755792_c.jpg
39649230541_2e3e6182ae_c.jpg,https://live.staticflickr.com/4660/39649230541_2e3e6182ae_c.jpg
49210193001_927254014e_c.jpg,https://live.staticflickr.com/65535/49210193001_927254014e_c.jpg
878984779_71f72d9545_c.jpg,https://live.staticflickr.com/1207/878984779_71f72d9545_c.jpg
2926976734_d32077962f_c.jpg,https://live.staticflickr.com/3102/2926976734_d32077962f_c.jpg
5549834657_24420738ac_c.jpg,https://live.staticflickr.com/5029/5549834657_24420738ac_c.jpg
403019532_4c76fdab20_c.jpg,https://live.staticflickr.com/134/403019532_4c76fdab20_c.jpg
391520692_2655eb8b8f_c.jpg,https://live.staticflickr.com/158/391520692_2655eb8b8f_c.jpg
1397195771_fc2e1669f7_c.jpg,https://live.staticflickr.com/1092/1397195771_fc2e1669f7_c.jpg
5289214397_fd6772cb7d_c.jpg,https://live.staticflickr.com/5161/5289214397_fd6772cb7d_c.jpg
3741421180_a06b1b98c4_c.jpg,https://live.staticflickr.com/3531/3741421180_a06b1b98c4_c.jpg
14731030734_d3eed1e2e4_c.jpg,https://live.staticflickr.com/5592/14731030734_d3eed1e2e4_c.jpg
26360131633_eb0ef9a0e0_c.jpg,https://live.staticflickr.com/7436/26360131633_eb0ef9a0e0_c.jpg
5490789646_30b34ee13e_c.jpg,https://live.staticflickr.com/5215/5490789646_30b34ee13e_c.jpg
3962345899_717a05e00a_c.jpg,https://live.staticflickr.com/2618/3962345899_717a05e00a_c.jpg
8344566106_04faa933b9_c.jpg,https://live.staticflickr.com/8356/8344566106_04faa933b9_c.jpg
2512469259_2ff79994f3_c.jpg,https://live.staticflickr.com/3197/2512469259_2ff79994f3_c.jpg
4822111558_1077169707_c.jpg,https://live.staticflickr.com/4079/4822111558_1077169707_c.jpg
6408606901_26675d9dbf_c.jpg,https://live.staticflickr.com/7007/6408606901_26675d9dbf_c.jpg
38762070671_e889f21a24_c.jpg,https://live.staticflickr.com/4581/38762070671_e889f21a24_c.jpg
8344564078_574d271a2e_c.jpg,https://live.staticflickr.com/8351/8344564078_574d271a2e_c.jpg
44059019751_d3d404dd42_c.jpg,https://live.staticflickr.com/1771/44059019751_d3d404dd42_c.jpg
24348010795_05d6668815_c.jpg,https://live.staticflickr.com/1642/24348010795_05d6668815_c.jpg
16342284066_fd20e84367_c.jpg,https://live.staticflickr.com/7336/16342284066_fd20e84367_c.jpg
25640207464_a2d60c1c16_c.jpg,https://live.staticflickr.com/1611/25640207464_a2d60c1c16_c.jpg
3877132828_605ceb7110_c.jpg,https://live.staticflickr.com/2539/3877132828_605ceb7110_c.jpg
37287070374_66da1dd9b1_c.jpg,https://live.staticflickr.com/4473/37287070374_66da1dd9b1_c.jpg
240922811_4daffd574b_c.jpg,https://live.staticflickr.com/96/240922811_4daffd574b_c.jpg
5081517483_064877b55f_c.jpg,https://live.staticflickr.com/4128/5081517483_064877b55f_c.jpg
4733205459_2c424e6390_c.jpg,https://live.staticflickr.com/1314/4733205459_2c424e6390_c.jpg
9288591659_430d58ed51_c.jpg,https://live.staticflickr.com/7429/9288591659_430d58ed51_c.jpg
3160709660_8acafbcfc0_c.jpg,https://live.staticflickr.com/3096/3160709660_8acafbcfc0_c.jpg
2916500609_6ebef11337_c.jpg,https://live.staticflickr.com/3180/2916500609_6ebef11337_c.jpg
7068826387_6b528e5c7f_c.jpg,https://live.staticflickr.com/5193/7068826387_6b528e5c7f_c.jpg
3978949904_ef57d10605_c.jpg,https://live.staticflickr.com/2618/3978949904_ef57d10605_c.jpg
16136609800_9c91a0ae00_c.jpg,https://live.staticflickr.com/8567/16136609800_9c91a0ae00_c.jpg
5608789405_940e5ac6b4_c.jpg,https://live.staticflickr.com/5269/5608789405_940e5ac6b4_c.jpg
518751074_f3ce2cb121_c.jpg,https://live.staticflickr.com/202/518751074_f3ce2cb121_c.jpg
4593645603_b82ccf331b_c.jpg,https://live.staticflickr.com/1194/4593645603_b82ccf331b_c.jpg
4238767055_0239fbf372_c.jpg,https://live.staticflickr.com/2629/4238767055_0239fbf372_c.jpg
48399004341_2280b4b0cf_c.jpg,https://live.staticflickr.com/65535/48399004341_2280b4b0cf_c.jpg
1909176638_01c228991f_c.jpg,https://live.staticflickr.com/2127/1909176638_01c228991f_c.jpg
2740666438_1fc971f284_c.jpg,https://live.staticflickr.com/3260/2740666438_1fc971f284_c.jpg
377813067_e4cc94b92f_c.jpg,https://live.staticflickr.com/164/377813067_e4cc94b92f_c.jpg
2579317508_54868a43e7_c.jpg,https://live.staticflickr.com/3054/2579317508_54868a43e7_c.jpg
9347309862_4d27525be6_c.jpg,https://live.staticflickr.com/5445/9347309862_4d27525be6_c.jpg
26509452263_8214a06f9a_c.jpg,https://live.staticflickr.com/7244/26509452263_8214a06f9a_c.jpg
14628140381_76e5b65dd6_c.jpg,https://live.staticflickr.com/5566/14628140381_76e5b65dd6_c.jpg
261211381_219069c830_c.jpg,https://live.staticflickr.com/87/261211381_219069c830_c.jpg
5228343532_317eb534fe_c.jpg,https://live.staticflickr.com/5249/5228343532_317eb534fe_c.jpg
8344564646_9f07aa2153_c.jpg,https://live.staticflickr.com/8364/8344564646_9f07aa2153_c.jpg
4110540759_a776a9f411_c.jpg,https://live.staticflickr.com/2754/4110540759_a776a9f411_c.jpg
7068824779_75275c7926_c.jpg,https://live.staticflickr.com/5072/7068824779_75275c7926_c.jpg
5399757819_f0c0ca7050_c.jpg,https://live.staticflickr.com/5257/5399757819_f0c0ca7050_c.jpg
7319545270_0d9918c4b7_c.jpg,https://live.staticflickr.com/7237/7319545270_0d9918c4b7_c.jpg
4110538735_3316bdf213_c.jpg,https://live.staticflickr.com/2755/4110538735_3316bdf213_c.jpg
3656565184_58891ced28_c.jpg,https://live.staticflickr.com/3344/3656565184_58891ced28_c.jpg
6107767440_5ab4fbd648_c.jpg,https://live.staticflickr.com/6075/6107767440_5ab4fbd648_c.jpg
1693171419_b6f8d3873a_c.jpg,https://live.staticflickr.com/2005/1693171419_b6f8d3873a_c.jpg
2578487245_1a2b7d7542_c.jpg,https://live.staticflickr.com/3262/2578487245_1a2b7d7542_c.jpg
14679394225_5123f51bc4_c.jpg,https://live.staticflickr.com/3885/14679394225_5123f51bc4_c.jpg
3069339429_e8a5893017_c.jpg,https://live.staticflickr.com/3269/3069339429_e8a5893017_c.jpg
4759948894_dc71c5f1dd_c.jpg,https://live.staticflickr.com/4093/4759948894_dc71c5f1dd_c.jpg
6220829535_f5c318a441_c.jpg,https://live.staticflickr.com/6175/6220829535_f5c318a441_c.jpg
99602044_1ad9baf8eb_c.jpg,https://live.staticflickr.com/34/99602044_1ad9baf8eb_c.jpg
14733102752_a67d57d24e_c.jpg,https://live.staticflickr.com/5569/14733102752_a67d57d24e_c.jpg
4111300740_8087336366_c.jpg,https://live.staticflickr.com/2736/4111300740_8087336366_c.jpg
43544052594_7cab630232_c.jpg,https://live.staticflickr.com/1856/43544052594_7cab630232_c.jpg
7284276190_3535f75f97_c.jpg,https://live.staticflickr.com/8026/7284276190_3535f75f97_c.jpg
8344564368_d848aa4c6e_c.jpg,https://live.staticflickr.com/8083/8344564368_d848aa4c6e_c.jpg
2383694005_653ed20ff6_c.jpg,https://live.staticflickr.com/3082/2383694005_653ed20ff6_c.jpg
48374427482_c4898f497e_c.jpg,https://live.staticflickr.com/65535/48374427482_c4898f497e_c.jpg
7678721974_a67ac42734_c.jpg,https://live.staticflickr.com/8152/7678721974_a67ac42734_c.jpg
8262656991_58229b636e_c.jpg,https://live.staticflickr.com/8493/8262656991_58229b636e_c.jpg
3605907668_3dfdda19b2_c.jpg,https://live.staticflickr.com/2471/3605907668_3dfdda19b2_c.jpg
8454860230_a5a2141dcc_c.jpg,https://live.staticflickr.com/8526/8454860230_a5a2141dcc_c.jpg
3562007700_35d9913ac6_c.jpg,https://live.staticflickr.com/2479/3562007700_35d9913ac6_c.jpg
4431441971_bf5d94fbaf_c.jpg,https://live.staticflickr.com/4050/4431441971_bf5d94fbaf_c.jpg
2579318576_5efeba047a_c.jpg,https://live.staticflickr.com/3080/2579318576_5efeba047a_c.jpg
2245889576_7cc8839464_c.jpg,https://live.staticflickr.com/2265/2245889576_7cc8839464_c.jpg
5466069151_a362d49fba_c.jpg,https://live.staticflickr.com/5098/5466069151_a362d49fba_c.jpg
43544055344_e22f1acfd2_c.jpg,https://live.staticflickr.com/1845/43544055344_e22f1acfd2_c.jpg
7068827865_3dc0d97030_c.jpg,https://live.staticflickr.com/7103/7068827865_3dc0d97030_c.jpg
17213127496_820f62f990_c.jpg,https://live.staticflickr.com/7634/17213127496_820f62f990_c.jpg
6245103475_aea7ddffcf_c.jpg,https://live.staticflickr.com/6050/6245103475_aea7ddffcf_c.jpg
6490528187_ace87cf2c6_c.jpg,https://live.staticflickr.com/7157/6490528187_ace87cf2c6_c.jpg
8262562357_0774cc4e39_c.jpg,https://live.staticflickr.com/8077/8262562357_0774cc4e39_c.jpg
5018572129_dabef27ce9_c.jpg,https://live.staticflickr.com/4150/5018572129_dabef27ce9_c.jpg
2636629241_91a58c4930_c.jpg,https://live.staticflickr.com/3149/2636629241_91a58c4930_c.jpg
3213628956_a58f1c6566_c.jpg,https://live.staticflickr.com/3499/3213628956_a58f1c6566_c.jpg
2911204532_955f8c1677_c.jpg,https://live.staticflickr.com/3225/2911204532_955f8c1677_c.jpg
14530260695_ce2df78f0d_c.jpg,https://live.staticflickr.com/5561/14530260695_ce2df78f0d_c.jpg
5110921431_1196a280f4_c.jpg,https://live.staticflickr.com/1190/5110921431_1196a280f4_c.jpg
